plz,ort,kanton,lat,lon
1000,Lausanne 25,VD,46.5726,6.694
1001,Lausanne,VD,46.516,6.6328
1002,Lausanne,VD,46.516,6.6328
1003,Lausanne,VD,46.52,6.6305
1004,Lausanne,VD,46.5289,6.6178
1005,Lausanne,VD,46.5217,6.6432
1006,Lausanne,VD,46.4912,6.6349
1007,Lausanne,VD,46.488,6.607
1008,Jouxtens-Mézery,VD,46.5519,6.596
1009,Pully,VD,46.4884,6.6557
1010,Lausanne,VD,46.5377,6.6553
1011,Lausanne,VD,46.5256,6.6433
1012,Lausanne,VD,46.5271,6.6566
1014,Lausanne Adm cant VD,VD,46.5218,6.633
1015,Lausanne,VD,46.5192,6.5762
1018,Lausanne,VD,46.5381,6.6279
1019,Lausanne Services spéciaux,VD,46.5218,6.633
1020,Renens VD,VD,46.5353,6.5897
1022,Chavannes-près-Renens,VD,46.5285,6.5758
1023,Crissier,VD,46.5563,6.5777
1024,Ecublens VD,VD,46.5288,6.5586
1025,St-Sulpice VD,VD,46.4855,6.5626
1026,Echandens,VD,46.5397,6.5379
1027,Lonay,VD,46.5299,6.517
1028,Préverenges,VD,46.4941,6.5291
1029,Villars-Ste-Croix,VD,46.5674,6.5632
1030,Bussigny,VD,46.5534,6.5508
1031,Mex VD,VD,46.5771,6.559
1032,Romanel-sur-Lausanne,VD,46.5659,6.6091
1033,Cheseaux-sur-Lausanne,VD,46.5822,6.5958
1034,Boussens,VD,46.6033,6.586
1035,Bournens,VD,46.6089,6.564
1036,Sullens,VD,46.5912,6.5674
1037,Etagnières,VD,46.6014,6.6085
1038,Bercher,VD,46.6916,6.7063
1039,Cheseaux Polyval,VD,46.5845,6.5955
1040,St-Barthélemy VD,VD,46.6348,6.6021
1041,Poliez-le-Grand,VD,46.6397,6.6703
1042,Bioley-Orjulaz,VD,46.6193,6.6009
1043,Sugnens,VD,46.6544,6.6729
1044,Fey,VD,46.6729,6.6801
1045,Ogens,VD,46.7093,6.7236
1046,Rueyres,VD,46.6975,6.6939
1047,Oppens,VD,46.7153,6.695
1052,Le Mont-sur-Lausanne,VD,46.5616,6.6445
1053,Cugy VD,VD,46.5856,6.658
1054,Morrens VD,VD,46.5923,6.6271
1055,Froideville,VD,46.5982,6.6917
1058,Villars-Tiercelin,VD,46.6199,6.7109
1059,Peney-le-Jorat,VD,46.6301,6.729
1061,Villars-Mendraz,VD,46.6453,6.7268
1062,Sottens,VD,46.6536,6.7399
1063,Peyres-Possens,VD,46.6628,6.7069
1066,Epalinges,VD,46.5507,6.6685
1068,Les Monts-de-Pully,VD,46.5346,6.6852
1070,Puidoux,VD,46.4945,6.7779
1071,Chexbres,VD,46.4835,6.784
1072,Forel (Lavaux),VD,46.5381,6.7631
1073,Savigny,VD,46.5447,6.723
1076,Ferlens VD,VD,46.589,6.7891
1077,Servion,VD,46.5737,6.7801
1078,Essertes,VD,46.5645,6.789
1080,Les Cullayes,VD,46.5728,6.7558
1081,Montpreveyres,VD,46.5813,6.7305
1082,Corcelles-le-Jorat,VD,46.6013,6.7308
1083,Mézières VD,VD,46.5871,6.7656
1084,Carrouge VD,VD,46.6027,6.7728
1085,Vulliens,VD,46.6227,6.7936
1088,Ropraz,VD,46.6109,6.7537
1090,La Croix (Lutry),VD,46.5215,6.7054
1091,Aran,VD,46.5081,6.7154
1092,Belmont-sur-Lausanne,VD,46.5265,6.6876
1093,La Conversion,VD,46.5141,6.6858
1094,Paudex,VD,46.4828,6.6715
1095,Lutry,VD,46.4875,6.6881
1096,Cully,VD,46.4699,6.7261
1097,Riex,VD,46.5008,6.7406
1098,Epesses,VD,46.4966,6.7497
1110,Morges,VD,46.495,6.5055
1112,Echichens,VD,46.5303,6.4968
1113,St-Saphorin-sur-Morges,VD,46.5462,6.4917
1114,Colombier VD,VD,46.5552,6.4678
1115,Vullierens,VD,46.5734,6.4808
1116,Cottens VD,VD,46.5743,6.4533
1117,Grancy,VD,46.5936,6.4609
1121,Bremblens,VD,46.5483,6.5194
1122,Romanel-sur-Morges,VD,46.5566,6.5106
1123,Aclens,VD,46.5683,6.5109
1124,Gollion,VD,46.586,6.512
1125,Monnaz,VD,46.533,6.4798
1126,Vaux-sur-Morges,VD,46.5385,6.4639
1127,Clarmont,VD,46.5486,6.4496
1128,Reverolle,VD,46.5417,6.44
1131,Tolochenaz,VD,46.4849,6.4921
1132,Lully VD,VD,46.5063,6.4644
1134,Chigny,VD,46.5162,6.4767
1135,Denens,VD,46.5174,6.4526
1136,Bussy-Chardonney,VD,46.5309,6.441
1141,Sévery,VD,46.5707,6.4421
1142,Pampigny,VD,46.5862,6.422
1143,Apples,VD,46.555,6.4166
1144,Ballens,VD,46.5535,6.378
1145,Bière,VD,46.5474,6.3185
1146,Mollens VD,VD,46.5787,6.3553
1147,Montricher,VD,46.6033,6.3588
1148,La Praz,VD,46.6698,6.4243
1149,Berolle,VD,46.5682,6.3286
1162,St-Prex,VD,46.4683,6.4693
1163,Etoy,VD,46.4841,6.4217
1164,Buchillon,VD,46.4468,6.4286
1165,Allaman,VD,46.442,6.3983
1166,Perroy,VD,46.4427,6.3706
1167,Lussy-sur-Morges,VD,46.501,6.4481
1168,Villars-sous-Yens,VD,46.5069,6.4301
1169,Yens,VD,46.527,6.4067
1170,Aubonne,VD,46.491,6.3856
1172,Bougy-Villars,VD,46.4838,6.3508
1173,Féchy,VD,46.479,6.3727
1174,Montherod,VD,46.5059,6.3541
1175,Lavigny,VD,46.5015,6.4081
1176,St-Livres,VD,46.5176,6.3812
1180,Tartegnin,VD,46.468,6.3133
1182,Gilly,VD,46.4631,6.2983
1183,Bursins,VD,46.4477,6.2899
1184,Luins,VD,46.4415,6.2754
1185,Mont-sur-Rolle,VD,46.4754,6.3364
1186,Essertines-sur-Rolle,VD,46.4851,6.3105
1187,St-Oyens,VD,46.4949,6.2983
1188,Gimel,VD,46.5267,6.2895
1189,Saubraz,VD,46.5184,6.3268
1195,Dully,VD,46.4201,6.31
1196,Gland,VD,46.4104,6.2867
1197,Prangins,VD,46.3922,6.2625
1200,Genève,GE,46.2022,6.1457
1201,Genève,GE,46.2107,6.1469
1202,Genève,GE,46.221,6.1432
1203,Genève,GE,46.2079,6.1221
1204,Genève,GE,46.2027,6.1457
1205,Genève,GE,46.1961,6.1403
1206,Genève,GE,46.1894,6.1574
1207,Genève,GE,46.2066,6.1624
1208,Genève,GE,46.1984,6.1676
1209,Genève,GE,46.2215,6.1232
1211,Genève 84 Votation,GE,46.2058,6.1416
1212,Grand-Lancy,GE,46.178,6.122
1213,Onex,GE,46.1854,6.1002
1214,Vernier,GE,46.2139,6.0796
1215,Genève,GE,46.2358,6.1192
1216,Cointrin,GE,46.224,6.1062
1217,Meyrin,GE,46.2339,6.0743
1218,Le Grand-Saconnex,GE,46.2338,6.1221
1219,Châtelaine,GE,46.2138,6.1087
1220,Les Avanchets,GE,46.2207,6.1091
1222,Vésenaz,GE,46.2454,6.2008
1223,Cologny,GE,46.2228,6.1808
1224,Chêne-Bougeries,GE,46.1995,6.1858
1225,Chêne-Bourg,GE,46.1974,6.197
1226,Thônex,GE,46.1961,6.2046
1227,Les Acacias,GE,46.1926,6.1321
1228,Plan-les-Ouates,GE,46.1642,6.118
1231,Conches,GE,46.1855,6.1759
1232,Confignon,GE,46.1743,6.0888
1233,Bernex,GE,46.1785,6.0686
1234,Vessy,GE,46.1742,6.159
1236,Cartigny,GE,46.1759,6.0309
1237,Avully,GE,46.1675,5.9985
1239,Collex,GE,46.2796,6.1212
1240,Genève,GE,46.2022,6.1457
1241,Puplinge,GE,46.2108,6.2322
1242,Satigny,GE,46.2143,6.035
1243,Presinge,GE,46.218,6.2602
1244,Choulex,GE,46.2263,6.2238
1245,Collonge-Bellerive,GE,46.2587,6.1965
1246,Corsier GE,GE,46.2659,6.2191
1247,Anières,GE,46.2808,6.2226
1248,Hermance,GE,46.2988,6.2325
1251,Gy,GE,46.2519,6.27
1252,Meinier,GE,46.243,6.2351
1253,Vandoeuvres,GE,46.219,6.2037
1254,Jussy,GE,46.2372,6.2791
1255,Veyrier,GE,46.1684,6.1769
1256,Troinex,GE,46.1593,6.1506
1257,La Croix-de-Rozon,GE,46.149,6.1207
1258,Perly,GE,46.1575,6.0889
1260,Nyon,VD,46.3803,6.2352
1261,Le Vaud,VD,46.4774,6.2337
1262,Eysins,VD,46.3813,6.2051
1263,Crassier,VD,46.376,6.1681
1264,St-Cergue,VD,46.451,6.1414
1265,La Cure,VD,46.4611,6.0935
1266,Duillier,VD,46.4092,6.2297
1267,Vich,VD,46.4281,6.2494
1268,Burtigny,VD,46.4695,6.2675
1269,Bassins,VD,46.4895,6.199
1270,Trélex,VD,46.4189,6.1966
1271,Givrins,VD,46.4328,6.1962
1272,Genolier,VD,46.4362,6.2204
1273,Arzier-Le Muids,VD,46.4883,6.1599
1274,Signy,VD,46.3928,6.2039
1275,Chéserex,VD,46.4109,6.1479
1276,Gingins,VD,46.4262,6.1393
1277,Borex,VD,46.381,6.1792
1278,La Rippe,VD,46.407,6.1167
1279,Bogis-Bossey,VD,46.3538,6.1716
1281,Russin,GE,46.1939,6.0139
1283,Dardagny,GE,46.2002,5.9878
1284,Chancy,GE,46.1475,5.9787
1285,Athenaz (Avusy),GE,46.1496,6.0086
1286,Soral,GE,46.1481,6.0474
1287,Laconnex,GE,46.1589,6.0341
1288,Aire-la-Ville,GE,46.1902,6.0422
1290,Versoix,GE,46.2877,6.1559
1291,Commugny,VD,46.3236,6.1609
1292,Chambésy,GE,46.2375,6.1511
1293,Bellevue,GE,46.2545,6.1455
1294,Genthod,GE,46.2637,6.1614
1295,Tannay,VD,46.3072,6.1811
1296,Coppet,VD,46.316,6.2006
1297,Founex,VD,46.3331,6.1976
1298,Céligny,GE,46.3473,6.2052
1299,Crans VD,VD,46.36,6.2196
1302,Vufflens-la-Ville,VD,46.5754,6.5373
1303,Penthaz,VD,46.5988,6.5414
1304,Dizy,VD,46.6344,6.4949
1305,Penthalaz,VD,46.6128,6.5291
1306,Daillens,VD,46.6286,6.5497
1307,Lussery-Villars,VD,46.6328,6.5255
1308,La Chaux (Cossonay),VD,46.6225,6.4682
1312,Eclépens,VD,46.6516,6.5431
1313,Ferreyres,VD,46.6602,6.4795
1315,La Sarraz,VD,46.6545,6.5048
1316,Chevilly,VD,46.6433,6.4751
1317,Orny,VD,46.6707,6.5366
1318,Pompaples,VD,46.6768,6.5213
1321,Arnex-sur-Orbe,VD,46.69,6.5168
1322,Croy,VD,46.6859,6.4859
1323,Romainmôtier,VD,46.6869,6.4618
1324,Premier,VD,46.7092,6.4419
1325,Vaulion,VD,46.6848,6.3832
1326,Juriens,VD,46.6828,6.4301
1329,Bretonnières,VD,46.7159,6.4704
1337,Vallorbe,VD,46.7078,6.3714
1338,Ballaigues,VD,46.7349,6.4104
1341,L'Orient,VD,46.5912,6.2577
1342,Le Pont,VD,46.6681,6.3377
1343,Les Charbonnières,VD,46.6785,6.3026
1344,L'Abbaye,VD,46.6405,6.324
1345,Le Lieu,VD,46.6487,6.2605
1346,Les Bioux,VD,46.615,6.2908
1347,Le Sentier,VD,46.6106,6.2143
1348,Le Brassus,VD,46.5685,6.1906
1350,Orbe,VD,46.727,6.5431
1352,Agiez,VD,46.7182,6.5077
1353,Bofflens,VD,46.7036,6.4953
1354,Montcherand,VD,46.734,6.5108
1355,L'Abergement,VD,46.7547,6.4832
1356,La Russille,VD,46.7392,6.4879
1357,Lignerolle,VD,46.7498,6.4488
1358,Valeyres-sous-Rances,VD,46.7482,6.5354
1372,Bavois,VD,46.6793,6.566
1373,Chavornay,VD,46.705,6.5684
1374,Corcelles-sur-Chavornay,VD,46.7027,6.6046
1375,Penthéréaz,VD,46.6828,6.6065
1376,Eclagnens,VD,46.6491,6.592
1377,Oulens-sous-Echallens,VD,46.6467,6.573
1400,Cheseaux-Noréaz,VD,46.7969,6.6878
1401,Yverdon-les-Bains,VD,46.7785,6.6411
1404,Villars-Epeney,VD,46.7832,6.6991
1405,Pomy,VD,46.7583,6.6692
1406,Cronay,VD,46.7568,6.7029
1407,Mézery-près-Donneloye,VD,46.7531,6.7308
1408,Prahins,VD,46.7365,6.733
1409,Chanéaz,VD,46.7276,6.7445
1410,Prévondavaux,FR,46.7313,6.8026
1412,Valeyres-sous-Ursins,VD,46.7453,6.6533
1413,Orzens,VD,46.7263,6.683
1415,Molondin,VD,46.7631,6.7478
1416,Pailly,VD,46.6997,6.6735
1417,Epautheyres,VD,46.7348,6.6454
1418,Vuarrens,VD,46.6858,6.6459
1420,Fiez,VD,46.8272,6.6266
1421,Fontaines-sur-Grandson,VD,46.834,6.6188
1422,Grandson,VD,46.8122,6.6529
1423,Romairon,VD,46.8506,6.6422
1424,Champagne,VD,46.8358,6.6516
1425,Onnens VD,VD,46.8429,6.6899
1426,Corcelles-près-Concise,VD,46.8425,6.7101
1427,Bonvillars,VD,46.8376,6.6746
1428,Provence,VD,46.8915,6.6932
1429,Giez,VD,46.8145,6.6098
1430,Orges,VD,46.8122,6.5831
1431,Vugelles-La Mothe,VD,46.825,6.5738
1432,Gressy,VD,46.7525,6.6386
1433,Suchy,VD,46.7213,6.6051
1434,Ependes VD,VD,46.7448,6.6027
1435,Essert-Pittet,VD,46.7288,6.5789
1436,Chamblon,VD,46.778,6.5987
1437,Suscévaz,VD,46.7621,6.5868
1438,Mathod,VD,46.7596,6.565
1439,Rances,VD,46.7659,6.5076
1440,Montagny-Chamard,VD,46.7904,6.6098
1441,Valeyres-sous-Montagny,VD,46.8005,6.6037
1442,Montagny-près-Yverdon,VD,46.7904,6.6098
1443,Essert-sous-Champvent,VD,46.7938,6.5845
1445,Vuiteboeuf,VD,46.8047,6.5542
1446,Baulmes,VD,46.7864,6.5048
1450,Ste-Croix,VD,46.8236,6.5036
1452,Les Rasses,VD,46.8382,6.5353
1453,Mauborget,VD,46.8687,6.609
1454,La Vraconnaz,VD,46.8434,6.481
1462,Yvonand,VD,46.7989,6.7367
1463,Rovray,VD,46.7889,6.7667
1464,Chavannes-le-Chêne,VD,46.7801,6.7809
1468,Cheyres,FR,46.8207,6.7756
1470,Seiry,FR,46.8146,6.835
1473,Font,FR,46.8483,6.8109
1474,Châbles FR,FR,46.8313,6.8002
1475,Montbrelloz,FR,46.854,6.8872
1482,Cugy FR,FR,46.8109,6.8939
1483,Frasses,FR,46.8262,6.8668
1484,Aumont,FR,46.7975,6.8551
1485,Nuvilly,FR,46.7841,6.8339
1486,Vuissens,FR,46.7346,6.7692
1489,Murist,FR,46.796,6.8112
1509,Vucherens,VD,46.6269,6.7759
1510,Moudon,VD,46.672,6.7921
1512,Chavannes-sur-Moudon,VD,46.6597,6.8188
1513,Hermenches,VD,46.6374,6.7546
1514,Bussy-sur-Moudon,VD,46.6904,6.8096
1515,Villars-le-Comte,VD,46.7135,6.8018
1521,Curtilles,VD,46.7005,6.8506
1522,Lucens,VD,46.7093,6.8375
1523,Granges-près-Marnand,VD,46.7672,6.887
1524,Marnand,VD,46.7611,6.9046
1525,Seigneux,VD,46.7283,6.8779
1526,Forel-sur-Lucens,VD,46.7264,6.8242
1527,Villeneuve FR,FR,46.7421,6.8668
1528,Praratoud,FR,46.736,6.8435
1529,Cheiry,FR,46.7502,6.8383
1530,Payerne,VD,46.825,6.9299
1532,Fétigny,FR,46.7967,6.9138
1533,Ménières,FR,46.7853,6.8861
1534,Chapelle (Broye),FR,46.7661,6.8499
1535,Combremont-le-Grand,VD,46.765,6.8225
1536,Combremont-le-Petit,VD,46.7461,6.8037
1537,Champtauroz,VD,46.759,6.7863
1538,Treytorrens (Payerne),VD,46.7748,6.8024
1541,Sévaz,FR,46.8394,6.8736
1542,Rueyres-les-Prés,FR,46.8571,6.9109
1543,Grandcour,VD,46.8724,6.9324
1544,Gletterens,FR,46.9113,6.9241
1545,Chevroux,VD,46.902,6.8992
1551,Vers-chez-Perrin,VD,46.798,6.9479
1552,Trey,VD,46.7749,6.9232
1553,Châtonnaye,FR,46.7531,6.9382
1554,Sédeilles,VD,46.7428,6.9302
1555,Villarzel,VD,46.7438,6.9091
1562,Corcelles-près-Payerne,VD,46.8425,6.9661
1563,Dompierre FR,FR,46.8564,6.9906
1564,Domdidier,FR,46.8622,7.0145
1565,Vallon,FR,46.8849,6.9533
1566,Les Friques,FR,46.8966,6.9942
1567,Delley,FR,46.9132,6.9717
1568,Portalban,FR,46.9262,6.9392
1580,Avenches,VD,46.8876,7.0387
1583,Villarepos,FR,46.8823,7.08
1584,Villars-le-Grand,VD,46.9054,6.9986
1585,Cotterd,VD,46.9232,7.0273
1586,Vallamand,VD,46.9303,7.0426
1587,Montmagny,VD,46.9265,7.006
1588,Cudrefin,VD,46.9597,7.0127
1589,Chabrey,VD,46.942,6.9647
1595,Clavaleyres,BE,46.8976,7.0917
1607,Palézieux-Village,VD,46.5536,6.8358
1608,Chapelle (Glâne),FR,46.5879,6.8377
1609,Fiaugères,FR,46.5894,6.8914
1610,Châtillens,VD,46.5619,6.8054
1611,Le Crêt-près-Semsales,FR,46.607,6.919
1612,Ecoteaux,VD,46.5494,6.8578
1613,Maracon,VD,46.5585,6.879
1614,Granges (Veveyse),FR,46.523,6.8263
1615,Bossonnens,FR,46.5289,6.8481
1616,Attalens,FR,46.5078,6.8541
1617,Remaufens,FR,46.5371,6.8826
1618,Châtel-St-Denis,FR,46.5344,6.937
1619,Les Paccots,FR,46.5073,6.9663
1623,Semsales,FR,46.5699,6.9517
1624,Progens,FR,46.5857,6.9184
1625,Sâles (Gruyère),FR,46.6287,6.9639
1626,Romanens,FR,46.6528,6.9766
1627,Vaulruz,FR,46.6186,6.985
1628,Vuadens,FR,46.6106,7.0049
1630,Bulle,FR,46.6021,7.0223
1631,Bulle centre de traitement,FR,46.6075,7.0462
1632,Riaz,FR,46.6428,7.0432
1633,Vuippens,FR,46.6632,7.0812
1634,La Roche FR,FR,46.6925,7.1606
1635,La Tour-de-Trême,FR,46.5889,7.0354
1636,Broc,FR,46.5985,7.1245
1637,Charmey (Gruyère),FR,46.594,7.1959
1638,Morlon,FR,46.6247,7.0917
1642,Sorens,FR,46.6713,7.0437
1643,Gumefens,FR,46.6778,7.0722
1644,Avry-devant-Pont,FR,46.6865,7.0835
1645,Le Bry,FR,46.6986,7.0826
1646,Echarlens,FR,46.6472,7.0839
1647,Corbières,FR,46.6567,7.1175
1648,Hauteville,FR,46.6699,7.1308
1649,Pont-la-Ville,FR,46.7026,7.1117
1651,Villarvolard,FR,46.6435,7.118
1652,Botterens,FR,46.6185,7.1133
1653,Crésuz,FR,46.6225,7.1413
1654,Cerniat FR,FR,46.6657,7.2019
1656,Jaun,FR,46.6075,7.2873
1657,Abländschen,BE,46.5662,7.2768
1658,La Tine,VD,46.4712,7.0479
1659,Rougemont,VD,46.4959,7.2146
1660,Les Moulins,VD,46.4531,7.0998
1661,Le Pâquier-Montbarry,FR,46.5904,7.0519
1663,Epagny,FR,46.5883,7.0939
1665,Estavannens,FR,46.5638,7.1304
1666,Grandvillard,FR,46.5281,7.1095
1667,Enney,FR,46.562,7.07
1669,Albeuve,FR,46.508,7.0266
1670,Ursy,FR,46.6333,6.8358
1673,Promasens,FR,46.6022,6.8226
1674,Vuarmarens,FR,46.6476,6.8284
1675,Mossel,FR,46.6139,6.8614
1676,Chavannes-les-Forts,FR,46.6465,6.8948
1677,Prez-vers-Siviriez,FR,46.6352,6.8745
1678,Siviriez,FR,46.6604,6.8774
1679,Villaraboud,FR,46.66,6.9128
1680,Romont FR,FR,46.7,6.9186
1681,Billens,FR,46.6897,6.8962
1682,Lovatens,VD,46.6921,6.8659
1683,Sarzens,VD,46.6825,6.8495
1684,Mézières FR,FR,46.679,6.9272
1685,Villariaz,FR,46.6633,6.9442
1686,La Neirigue,FR,46.684,6.9543
1687,Vuisternens-devant-Romont,FR,46.6502,6.9325
1688,Sommentier,FR,46.6361,6.9144
1689,Le Châtelard-près-Romont,FR,46.6755,6.9949
1690,Villaz-St-Pierre,FR,46.7209,6.9621
1691,Villarimboud,FR,46.7409,6.9661
1692,Massonnens,FR,46.6966,6.9761
1694,Orsonnens,FR,46.7145,6.9947
1695,Villarlod,FR,46.6975,7.0309
1696,Vuisternens-en-Ogoz,FR,46.7042,7.0561
1697,La Joux FR,FR,46.6259,6.9364
1699,Bouloz,FR,46.6148,6.8877
1700,Fribourg,FR,46.8067,7.1636
1701,Fribourg,FR,46.8024,7.1513
1708,Fribourg,FR,46.8024,7.1513
1712,Tafers,FR,46.8126,7.2246
1713,St. Antoni,FR,46.8192,7.2671
1714,Heitenried,FR,46.8279,7.3
1715,Alterswil FR,FR,46.7892,7.274
1716,Schwarzsee,FR,46.6724,7.2892
1717,St. Ursen,FR,46.7884,7.2194
1718,Rechthalten,FR,46.7653,7.2482
1719,Brünisried,FR,46.7573,7.2764
1720,Chésopelloz,FR,46.8059,7.0769
1721,Cournillens,FR,46.8555,7.1002
1722,Bourguillon,FR,46.7988,7.1748
1723,Villarsel-sur-Marly,FR,46.7624,7.1727
1724,Zénauva,FR,46.7229,7.1868
1725,Posieux,FR,46.7715,7.108
1726,Farvagny-le-Petit,FR,46.7309,7.0743
1727,Magnedens,FR,46.7411,7.0794
1728,Rossens FR,FR,46.723,7.1
1730,Ecuvillens,FR,46.7555,7.0784
1731,Ependes FR,FR,46.7571,7.1488
1732,Arconciel,FR,46.7512,7.1212
1733,Treyvaux,FR,46.7241,7.1438
1734,Tentlingen,FR,46.7676,7.2
1735,Giffers,FR,46.7549,7.2246
1736,St. Silvester,FR,46.738,7.2209
1737,Plasselb,FR,46.7116,7.2436
1738,Sangernboden,BE,46.6993,7.371
1740,Neyruz FR,FR,46.768,7.0649
1741,Cottens FR,FR,46.7532,7.0362
1742,Autigny,FR,46.7393,7.0283
1744,Chénens,FR,46.7432,6.9966
1745,Lentigny,FR,46.7599,7.0019
1746,Prez-vers-Noréaz,FR,46.7857,7.0128
1747,Corserey,FR,46.7719,6.989
1748,Torny-le-Grand,FR,46.7676,6.9678
1749,Middes,FR,46.7741,6.9485
1752,Villars-sur-Glâne,FR,46.7943,7.1252
1753,Matran,FR,46.7869,7.0916
1754,Rosé,FR,46.784,7.0629
1756,Onnens FR,FR,46.7724,7.0377
1757,Noréaz,FR,46.8019,7.0365
1762,Givisiez,FR,46.8127,7.1255
1763,Granges-Paccot,FR,46.8236,7.1483
1772,Ponthaux,FR,46.817,7.0411
1773,Léchelles,FR,46.8289,7.0204
1774,Cousset,FR,46.8139,6.98
1775,Grandsivaz,FR,46.787,6.9823
1776,Montagny-la-Ville,FR,46.8207,6.9989
1782,Formangueires,FR,46.8279,7.1224
1783,Barberêche,FR,46.8638,7.1604
1784,Courtepin,FR,46.8615,7.1242
1785,Cressier FR,FR,46.898,7.1379
1786,Sugiez,FR,46.9687,7.112
1787,Môtier (Vully),FR,46.9393,7.0807
1788,Praz (Vully),FR,46.9495,7.1032
1789,Lugnorre,FR,46.9586,7.0733
1791,Courtaman,FR,46.8711,7.1316
1792,Cordast,FR,46.8733,7.1512
1793,Jeuss,FR,46.9124,7.1744
1794,Salvenach,FR,46.9141,7.1523
1795,Courlevon,FR,46.891,7.1105
1796,Courgevaux,FR,46.9043,7.1047
1797,Münchenwiler,BE,46.9111,7.1255
1800,Vevey,VD,46.4496,6.8373
1801,Le Mont-Pèlerin,VD,46.492,6.8239
1802,Corseaux,VD,46.4523,6.817
1803,Chardonne,VD,46.4649,6.8109
1804,Corsier-sur-Vevey,VD,46.4767,6.8505
1805,Jongny,VD,46.4877,6.8464
1806,St-Légier-La Chiésaz,VD,46.4899,6.8982
1807,Blonay,VD,46.4778,6.922
1808,Les Monts-de-Corsier,VD,46.5016,6.8776
1809,Fenil-sur-Corsier,VD,46.4851,6.8675
1811,Vevey Services spéciaux,VD,46.4642,6.8481
1814,La Tour-de-Peilz,VD,46.4405,6.859
1815,Clarens,VD,46.4315,6.8825
1816,Chailly-Montreux,VD,46.4528,6.8921
1817,Brent,VD,46.4547,6.9035
1818,Montreux Redoute,VD,46.4518,6.9408
1820,Veytaux,VD,46.4231,6.9485
1822,Chernex,VD,46.4425,6.9163
1823,Glion,VD,46.4375,6.9367
1824,Caux,VD,46.4425,6.9648
1832,Chamby,VD,46.4524,6.9192
1833,Les Avants,VD,46.4648,6.9542
1844,Villeneuve VD,VD,46.4062,6.9685
1845,Noville,VD,46.3939,6.883
1846,Chessel,VD,46.3534,6.8958
1847,Rennaz,VD,46.3758,6.9184
1852,Roche VD,VD,46.3598,6.9252
1853,Yvorne,VD,46.339,6.9458
1854,Leysin,VD,46.3525,7.0111
1856,Corbeyrier,VD,46.3736,6.9855
1860,Aigle,VD,46.3147,6.9716
1862,La Comballaz,VD,46.3769,7.0778
1863,Le Sépey,VD,46.3731,7.0478
1864,Vers-l'Eglise,VD,46.3589,7.1178
1865,Les Diablerets,VD,46.3439,7.1757
1866,La Forclaz VD,VD,46.3425,7.0799
1867,Panex,VD,46.3164,7.0267
1868,Collombey,VS,46.2722,6.9428
1869,Massongex,VS,46.2363,6.9846
1870,Monthey,VS,46.2388,6.8972
1871,Les Giettes,VS,46.2224,6.9524
1872,Troistorrents,VS,46.2291,6.9084
1873,Val-d'Illiez,VS,46.1902,6.9063
1874,Champéry,VS,46.1588,6.846
1875,Morgins,VS,46.2364,6.8644
1880,Frenières-sur-Bex,VD,46.2427,7.065
1882,Gryon,VD,46.2868,7.1252
1884,Villars-sur-Ollon,VD,46.3161,7.0871
1885,Chesières,VD,46.3047,7.0418
1890,St-Maurice,VS,46.1988,7.0103
1891,Vérossaz,VS,46.2011,6.9685
1892,Lavey-Village,VD,46.2149,7.0287
1893,Muraz (Collombey),VS,46.2826,6.9017
1895,Vionnaz,VS,46.309,6.899
1896,Vouvry,VS,46.3329,6.9024
1897,Bouveret,VS,46.3791,6.856
1898,St-Gingolph,VS,46.3823,6.817
1899,Torgon,VS,46.3084,6.8596
1902,Evionnaz,VS,46.1483,6.9486
1903,Collonges,VS,46.1804,7.0559
1904,Vernayaz,VS,46.1412,7.0329
1905,Dorénaz,VS,46.1517,7.0617
1906,Charrat,VS,46.1214,7.1361
1907,Saxon,VS,46.1362,7.1844
1908,Riddes,VS,46.1688,7.2201
1911,Mayens-de-Chamoson,VS,46.2034,7.1843
1912,Montagnon (Leytron),VS,46.1914,7.1918
1913,Saillon,VS,46.1705,7.1777
1914,Isérables,VS,46.1468,7.2688
1918,La Tzoumaz,VS,46.1302,7.2461
1919,Martigny Mutuel,VS,46.1072,7.081
1920,Martigny,VS,46.1095,7.0745
1921,Martigny-Croix,VS,46.0657,7.0319
1922,Salvan,VS,46.1354,7.0074
1923,Le Trétien,VS,46.0986,6.9921
1925,Finhaut,VS,46.0699,6.9308
1926,Fully,VS,46.1575,7.1119
1927,Chemin,VS,46.0896,7.0936
1928,Ravoire,VS,46.0994,7.043
1929,Trient,VS,46.03,6.9995
1932,Bovernier,VS,46.0622,7.0821
1933,Chamoille (Sembrancher),VS,46.0611,7.157
1934,Le Châble VS,VS,46.082,7.209
1936,Verbier,VS,46.1008,7.2297
1937,Orsières,VS,46.0286,7.1481
1938,Champex-Lac,VS,46.0296,7.0887
1941,Vollèges,VS,46.0847,7.162
1942,Levron,VS,46.1032,7.1618
1943,Praz-de-Fort,VS,45.9832,7.0799
1944,La Fouly VS,VS,45.9227,7.098
1945,Dranse (Liddes),VS,45.9863,7.1824
1946,Bourg-St-Pierre,VS,45.9196,7.2128
1947,Versegères,VS,46.0646,7.2324
1948,Fionnay,VS,45.9742,7.3593
1950,Sion,VS,46.2273,7.3547
1951,Sion,VS,46.2304,7.3661
1955,Némiaz (Chamoson),VS,46.2141,7.226
1957,Ardon,VS,46.23,7.2379
1958,St-Léonard,VS,46.2565,7.4271
1961,Vernamiège,VS,46.2105,7.4358
1962,Pont-de-la-Morge (Sion),VS,46.2325,7.3165
1963,Vétroz,VS,46.2163,7.2806
1964,Conthey,VS,46.2214,7.303
1965,Diolly (Savièse),VS,46.2531,7.3478
1966,Blignou (Ayent),VS,46.2707,7.3974
1967,Bramois,VS,46.2352,7.4032
1968,Mase,VS,46.1954,7.4607
1969,Eison (St-Martin),VS,46.154,7.4881
1971,Champlan (Grimisuat),VS,46.2486,7.3777
1972,Anzère,VS,46.3424,7.4064
1973,Nax,VS,46.2068,7.4783
1974,Arbaz,VS,46.3002,7.3731
1975,St-Séverin,VS,46.2393,7.304
1976,Erde,VS,46.275,7.2929
1977,Icogne,VS,46.3418,7.456
1978,Lens,VS,46.2811,7.449
1981,Vex,VS,46.2087,7.401
1982,Euseigne,VS,46.1522,7.4305
1983,Lanna,VS,46.1118,7.4563
1984,Les Haudères,VS,46.0778,7.4799
1985,La Sage,VS,46.0987,7.517
1986,Arolla,VS,46.0119,7.4863
1987,Hérémence,VS,46.0843,7.3948
1988,Les Collons,VS,46.1849,7.3843
1991,Pravidondaz (Salins),VS,46.2122,7.3548
1992,La Vernaz (Les Agettes),VS,46.2104,7.3733
1993,Clèbes (Nendaz),VS,46.1838,7.3486
1994,Aproz (Nendaz),VS,46.2038,7.307
1996,Fey (Nendaz),VS,46.1874,7.2737
1997,Siviez (Nendaz),VS,46.1148,7.3268
2000,Neuchâtel,NE,46.9884,6.9413
2001,Neuchâtel 1,NE,47.0094,6.9381
2002,Neuchâtel 2,NE,47.0094,6.9381
2010,Neuchâtel OFS,NE,47.0094,6.9381
2012,Auvernier,NE,46.9702,6.8926
2013,Colombier NE,NE,46.9645,6.8726
2014,Bôle,NE,46.9688,6.8372
2015,Areuse,NE,46.9462,6.8898
2016,Cortaillod,NE,46.9329,6.8617
2017,Boudry,NE,46.9532,6.8133
2019,Chambrelien,NE,46.9702,6.8137
2022,Bevaix,NE,46.9228,6.8195
2023,Gorgier,NE,46.9236,6.7675
2024,St-Aubin-Sauges,NE,46.8993,6.7648
2025,Chez-le-Bart,NE,46.8966,6.8092
2027,Fresens,NE,46.8886,6.7479
2028,Vaumarcus,NE,46.8705,6.7727
2034,Peseux,NE,46.9956,6.8894
2035,Corcelles NE,NE,46.9865,6.8602
2036,Cormondrèche,NE,46.9808,6.8692
2037,Montezillon,NE,46.9863,6.837
2042,Valangin,NE,47.0138,6.8995
2043,Boudevilliers,NE,47.0289,6.8837
2046,Fontaines NE,NE,47.0427,6.9018
2052,La Vue-des-Alpes,NE,47.0655,6.8685
2053,Cernier,NE,47.0588,6.904
2054,Les Vieux-Prés,NE,47.0904,6.9297
2056,Dombresson,NE,47.0699,6.9569
2057,Villiers,NE,47.081,6.9846
2058,Le Pâquier NE,NE,47.1059,6.9821
2063,Vilars NE,NE,47.0325,6.9308
2065,Savagnier,NE,47.0509,6.9568
2067,Chaumont,NE,47.0404,6.9636
2068,Hauterive NE,NE,47.0104,6.9757
2072,St-Blaise,NE,47.0351,6.9969
2073,Enges,NE,47.0722,7.0136
2074,Marin-Centre,NE,47.0137,7.0165
2075,Wavre,NE,47.0235,7.0202
2087,Cornaux NE,NE,47.0348,7.0204
2088,Cressier NE,NE,47.0491,7.0367
2103,Noiraigue,NE,46.949,6.7247
2105,Travers,NE,46.9471,6.6757
2108,Couvet,NE,46.9189,6.6543
2112,Môtiers NE,NE,46.9044,6.6176
2113,Boveresse,NE,46.9168,6.5996
2114,Fleurier,NE,46.8949,6.5893
2115,Buttes,NE,46.8795,6.5432
2116,Mont-de-Buttes,NE,46.888,6.5197
2117,La Côte-aux-Fées,NE,46.8634,6.4853
2123,St-Sulpice NE,NE,46.9088,6.56
2124,Les Sagnettes,NE,46.9392,6.5957
2126,Les Verrières,NE,46.9144,6.4748
2127,Les Bayards,NE,46.9254,6.5382
2149,Brot-Dessous,NE,46.9631,6.759
2206,Les Geneveys-sur-Coffrane,NE,47.0186,6.8341
2207,Coffrane,NE,47.0088,6.8663
2208,Les Hauts-Geneveys,NE,47.0417,6.861
2300,La Chaux-de-Fonds,NE,47.1135,6.8347
2301,La Chaux-de-Fonds,NE,47.0999,6.8259
2303,La Chaux-de-Fonds,NE,47.0999,6.8259
2304,La Chaux-de-Fonds,NE,47.0999,6.8259
2314,La Sagne NE,NE,47.0474,6.8021
2316,Petit-Martel,NE,47.0132,6.7516
2318,Brot-Plamboz,NE,46.9831,6.7486
2322,Le Crêt-du-Locle,NE,47.0805,6.7818
2325,Les Planchettes,NE,47.1082,6.7714
2333,La Ferrière,BE,47.1498,6.9105
2336,Les Bois,JU,47.1796,6.8983
2338,Les Emibois,JU,47.2318,6.9944
2340,Le Noirmont,JU,47.2152,6.9438
2345,Le Cerneux-Veusil,BE,47.1791,6.967
2350,Saignelégier,JU,47.2458,7.02
2353,Les Pommerats,JU,47.2801,6.9908
2354,Goumois,JU,47.2674,6.9594
2360,Le Bémont JU,JU,47.2625,7.0334
2362,Montfaucon,JU,47.2749,7.0714
2363,Les Enfers,JU,47.2904,7.0455
2364,St-Brais,JU,47.3062,7.1177
2400,Le Locle,NE,47.0548,6.7513
2405,La Chaux-du-Milieu,NE,47.0058,6.6981
2406,Le Brouillet,NE,46.9559,6.5247
2414,Le Cerneux-Péquignot,NE,47.017,6.6702
2416,Les Brenets,NE,47.0745,6.7242
2500,Biel/Bienne,BE,47.1371,7.2461
2501,Biel/Bienne,BE,47.1371,7.2461
2502,Biel/Bienne,BE,47.1489,7.2473
2503,Biel/Bienne,BE,47.1324,7.2551
2504,Biel/Bienne,BE,47.1574,7.2809
2505,Biel/Bienne,BE,47.1338,7.2171
2512,Tüscherz-Alfermée,BE,47.1217,7.1964
2513,Twann,BE,47.1053,7.1637
2514,Ligerz,BE,47.0905,7.1388
2515,Prêles,BE,47.095,7.1153
2516,Lamboing,BE,47.1256,7.1575
2517,Diesse,BE,47.1201,7.118
2518,Nods,BE,47.1209,7.0746
2520,La Neuveville,BE,47.0741,7.1023
2523,Lignières,NE,47.0899,7.0475
2525,Le Landeron,NE,47.0604,7.0651
2532,Macolin,BE,47.139,7.2141
2533,Evilard,BE,47.1509,7.2359
2534,Les Prés-d'Orvin,BE,47.1555,7.1664
2535,Frinvillier,BE,47.1695,7.2544
2536,Plagne,BE,47.1905,7.2848
2537,Vauffelin,BE,47.1841,7.298
2538,Romont BE,BE,47.1932,7.3318
2540,Grenchen,SO,47.1972,7.3876
2542,Pieterlen,BE,47.1739,7.328
2543,Lengnau BE,BE,47.182,7.3659
2544,Bettlach,SO,47.2085,7.4189
2545,Selzach,SO,47.2175,7.4481
2552,Orpund,BE,47.1417,7.3031
2553,Safnern,BE,47.1523,7.322
2554,Meinisberg,BE,47.1614,7.3527
2555,Brügg BE,BE,47.128,7.2781
2556,Scheuren,BE,47.1323,7.3269
2557,Studen BE,BE,47.1126,7.3029
2558,Aegerten,BE,47.1172,7.2851
2560,Nidau,BE,47.1244,7.2409
2562,Port,BE,47.1135,7.2591
2563,Ipsach,BE,47.1149,7.2314
2564,Bellmund,BE,47.1024,7.2436
2565,Jens,BE,47.0981,7.2691
2572,Mörigen,BE,47.0843,7.2116
2575,Gerolfingen,BE,47.0759,7.2001
2576,Lüscherz,BE,47.0441,7.1615
2577,Siselen BE,BE,47.0325,7.196
2603,Péry,BE,47.1998,7.2694
2604,La Heutte,BE,47.1887,7.2178
2605,Sonceboz-Sombeval,BE,47.1884,7.1806
2606,Corgémont,BE,47.1927,7.1413
2607,Cortébert,BE,47.1893,7.1071
2608,Courtelary,BE,47.1857,7.074
2610,St-Imier,BE,47.1559,6.9933
2612,Cormoret,BE,47.1679,7.0484
2613,Villeret,BE,47.1491,7.0309
2615,Sonvilier,BE,47.1336,6.9619
2616,Renan BE,BE,47.1072,6.9012
2710,Tavannes,BE,47.2216,7.1893
2712,Le Fuet,BE,47.2485,7.1751
2713,Bellelay,BE,47.264,7.1637
2714,Les Genevez JU,JU,47.2531,7.1275
2715,Monible,BE,47.2797,7.1994
2716,Sornetan,BE,47.2728,7.2179
2717,Fornet-Dessous,BE,47.2771,7.1761
2718,Fornet-Dessus,JU,47.285,7.16
2720,Tramelan,BE,47.23,7.1173
2722,Les Reussilles,BE,47.228,7.0711
2723,Mont-Tramelan,BE,47.2071,7.0657
2732,Reconvilier,BE,47.2248,7.2242
2733,Pontenet,BE,47.2498,7.2542
2735,Malleray,BE,47.2377,7.2661
2736,Sorvilier,BE,47.2315,7.3076
2738,Court,BE,47.239,7.3609
2740,Moutier,BE,47.2778,7.3602
2742,Perrefitte,BE,47.2774,7.3182
2743,Eschert,BE,47.2655,7.4076
2744,Belprahon,BE,47.2905,7.4041
2745,Grandval,BE,47.2836,7.428
2746,Crémines,BE,47.285,7.4514
2747,Corcelles BE,BE,47.2916,7.4714
2748,Souboz,BE,47.2722,7.2558
2762,Roches BE,BE,47.3039,7.3818
2800,Delémont,JU,47.3718,7.3341
2802,Develier,JU,47.3648,7.2813
2803,Bourrignon,JU,47.3932,7.2556
2805,Soyhières,JU,47.3955,7.3822
2806,Mettembert,JU,47.3943,7.3276
2807,Pleigne,JU,47.4151,7.2807
2812,Movelier,JU,47.4089,7.3281
2813,Ederswiler,JU,47.4264,7.324
2814,Roggenburg,BL,47.4277,7.3567
2822,Courroux,JU,47.3672,7.3788
2823,Courcelon,JU,47.3674,7.407
2824,Vicques,JU,47.3516,7.4268
2825,Courchapoix,JU,47.3488,7.4522
2826,Corban,JU,47.3534,7.4742
2827,Schelten,BE,47.3327,7.5531
2828,Montsevelier,JU,47.3602,7.512
2829,Vermes,JU,47.3192,7.4849
2830,Courrendlin,JU,47.3343,7.3769
2832,Rebeuvelier,JU,47.3209,7.4189
2842,Rossemaison,JU,47.3439,7.3443
2843,Châtillon JU,JU,47.322,7.3449
2852,Courtételle,JU,47.3313,7.318
2853,Courfaivre,JU,47.3298,7.2802
2854,Bassecourt,JU,47.3365,7.2418
2855,Glovelier,JU,47.3269,7.1844
2856,Boécourt,JU,47.3547,7.2168
2857,Montavon,JU,47.3717,7.2335
2863,Undervelier,JU,47.3034,7.2194
2864,Soulce,JU,47.3002,7.2871
2873,Saulcy,JU,47.3031,7.1606
2882,St-Ursanne,JU,47.3628,7.1459
2883,Montmelon,JU,47.3499,7.1729
2884,Montenol,JU,47.3517,7.1448
2885,Epauvillers,JU,47.3366,7.1176
2886,Epiquerez,JU,47.3267,7.0757
2887,Soubey,JU,47.3101,7.0405
2888,Seleute,JU,47.368,7.1118
2889,Ocourt,JU,47.3549,7.0701
2900,Porrentruy,JU,47.4212,7.071
2902,Fontenais,JU,47.3998,7.0793
2903,Villars-sur-Fontenais,JU,47.3811,7.0754
2904,Bressaucourt,JU,47.3842,7.039
2905,Courtedoux,JU,47.4129,7.028
2906,Chevenez,JU,47.3925,6.9934
2907,Rocourt,JU,47.3865,6.9602
2908,Grandfontaine,JU,47.3919,6.9336
2912,Réclère,JU,47.369,6.9241
2914,Damvant,JU,47.3681,6.8957
2915,Bure,JU,47.4386,6.9971
2916,Fahy,JU,47.42,6.9567
2922,Courchavon,JU,47.4382,7.0463
2923,Courtemaîche,JU,47.4578,7.0469
2924,Montignez,JU,47.4835,7.0587
2925,Buix,JU,47.4756,7.0263
2926,Boncourt,JU,47.488,7.0076
2932,Coeuve,JU,47.4524,7.0953
2933,Damphreux,JU,47.4734,7.1013
2935,Beurnevésin,JU,47.4924,7.1328
2942,Alle,JU,47.4284,7.1262
2943,Vendlincourt,JU,47.4519,7.1485
2944,Bonfol,JU,47.4759,7.1568
2946,Miécourt,JU,47.4311,7.1713
2947,Charmoille,JU,47.4274,7.2138
2950,Courgenay,JU,47.3933,7.1207
2952,Cornol,JU,47.4048,7.1631
2953,Fregiécourt,JU,47.4108,7.1924
2954,Asuel,JU,47.3911,7.2051
3000,Bern,BE,46.9481,7.4474
3001,Bern,BE,46.9481,7.4474
3002,Bern PostFinance,BE,46.9476,7.4065
3003,Bern,BE,46.9481,7.4474
3004,Bern,BE,46.9753,7.45
3005,Bern,BE,46.9398,7.4502
3006,Bern,BE,46.9462,7.4707
3007,Bern,BE,46.9385,7.4339
3008,Bern,BE,46.944,7.4156
3010,Bern,BE,46.947,7.4237
3011,Bern,BE,46.9477,7.4458
3012,Bern,BE,46.9608,7.4262
3013,Bern,BE,46.9547,7.4507
3014,Bern,BE,46.9635,7.4591
3015,Bern,BE,46.9397,7.4841
3018,Bern,BE,46.9364,7.3906
3019,Bern,BE,46.932,7.348
3020,Bern,BE,46.9369,7.3243
3024,Bern,BE,46.9481,7.4474
3027,Bern,BE,46.9528,7.3844
3029,Bern,BE,46.9481,7.4474
3030,Bern,BE,46.9481,7.4474
3032,Hinterkappelen,BE,46.9673,7.3816
3033,Wohlen b. Bern,BE,46.974,7.3512
3034,Murzelen,BE,46.9765,7.3104
3035,Frieswil,BE,46.9924,7.2934
3036,Detligen,BE,46.994,7.268
3037,Herrenschwanden,BE,46.9761,7.4179
3038,Kirchlindach,BE,47.0016,7.4155
3039,Bern PF OC,BE,46.9476,7.4065
3040,Bern Verarb.zentr.,BE,46.9476,7.4065
3041,Bern UBS,BE,46.9476,7.4065
3042,Ortschwaben,BE,46.9923,7.3992
3043,Uettligen,BE,46.9864,7.3809
3044,Innerberg,BE,46.9959,7.3122
3045,Meikirch,BE,47.0093,7.3723
3046,Wahlendorf,BE,47.0081,7.3342
3047,Bremgarten b. Bern,BE,46.9781,7.4355
3048,Worblaufen,BE,46.9796,7.4643
3049,Säriswil,BE,46.9935,7.3363
3050,Bern Swisscom,BE,46.9476,7.4065
3052,Zollikofen,BE,46.9959,7.4548
3053,Lätti,BE,47.038,7.4314
3054,Schüpfen,BE,47.0358,7.3733
3063,Ittigen,BE,46.9803,7.4782
3065,Bolligen,BE,46.9858,7.5077
3066,Stettlen,BE,46.9634,7.5286
3067,Boll,BE,46.9613,7.5519
3068,Utzigen,BE,46.9667,7.5823
3071,Ostermundigen KATA,BE,46.9559,7.4956
3072,Ostermundigen,BE,46.9564,7.4939
3073,Gümligen,BE,46.9356,7.5081
3074,Muri b. Bern,BE,46.928,7.4885
3075,Vielbringen b. Worb,BE,46.9169,7.543
3076,Worb,BE,46.9336,7.5618
3077,Enggistein,BE,46.9296,7.6004
3078,Richigen,BE,46.9171,7.585
3082,Schlosswil,BE,46.9113,7.6112
3083,Trimstein,BE,46.9029,7.5769
3084,Wabern,BE,46.923,7.453
3085,Wabern Weihnachten,BE,46.9043,7.3978
3086,Englisberg,BE,46.8955,7.4635
3087,Niedermuhlern,BE,46.8587,7.4579
3088,Rüeggisberg,BE,46.8241,7.4383
3089,Hinterfultigen,BE,46.8391,7.4052
3095,Spiegel b. Bern,BE,46.9247,7.4342
3096,Oberbalm,BE,46.8655,7.4093
3097,Liebefeld,BE,46.9304,7.4192
3098,Schliern b. Köniz,BE,46.907,7.4219
3099,Rüti b. Riggisberg,BE,46.7631,7.4568
3110,Münsingen,BE,46.8761,7.5607
3111,Tägertschi,BE,46.8726,7.5869
3112,Allmendingen b. Bern,BE,46.9167,7.5211
3113,Rubigen,BE,46.8997,7.545
3114,Wichtrach,BE,46.8451,7.5789
3115,Gerzensee,BE,46.8463,7.5418
3116,Noflen BE,BE,46.8027,7.5449
3122,Kehrsatz,BE,46.9114,7.472
3123,Belp,BE,46.8933,7.5077
3124,Belpberg,BE,46.8669,7.5211
3125,Toffen,BE,46.8593,7.4935
3126,Kaufdorf,BE,46.8397,7.4965
3127,Lohnstorf,BE,46.8066,7.5131
3128,Kirchenthurnen,BE,46.8243,7.5058
3132,Riggisberg,BE,46.8098,7.4675
3144,Gasel,BE,46.8971,7.4099
3145,Niederscherli,BE,46.8857,7.394
3147,Mittelhäusern,BE,46.8724,7.3699
3148,Lanzenhäusern,BE,46.8466,7.3629
3150,Schwarzenburg,BE,46.811,7.3335
3152,Mamishaus,BE,46.8152,7.3801
3153,Rüschegg Gambach,BE,46.7726,7.3774
3154,Rüschegg Heubach,BE,46.7682,7.4174
3155,Helgisried-Rohrbach,BE,46.8109,7.4184
3156,Riffenmatt,BE,46.7507,7.3621
3157,Milken,BE,46.794,7.3617
3158,Guggisberg,BE,46.7591,7.3182
3159,Riedstätt,BE,46.7841,7.3218
3172,Niederwangen b. Bern,BE,46.9213,7.3786
3173,Oberwangen b. Bern,BE,46.9136,7.3568
3174,Thörishaus,BE,46.8967,7.35
3175,Flamatt,FR,46.889,7.3199
3176,Neuenegg,BE,46.9065,7.2997
3177,Laupen BE,BE,46.9105,7.2433
3178,Bösingen,FR,46.8853,7.234
3179,Kriechenwil,BE,46.9112,7.2159
3182,Ueberstorf,FR,46.8694,7.3262
3183,Albligen,BE,46.8486,7.3229
3184,Wünnewil,FR,46.8757,7.2791
3185,Schmitten FR,FR,46.8504,7.247
3186,Düdingen,FR,46.8462,7.1915
3202,Frauenkappelen,BE,46.9556,7.3319
3203,Mühleberg,BE,46.9618,7.2718
3204,Rosshäusern,BE,46.9313,7.2759
3205,Gümmenen,BE,46.9431,7.2526
3206,Ferenbalm,BE,46.9551,7.2148
3207,Wileroltigen,BE,46.9709,7.238
3208,Gurbrü,BE,46.9654,7.2145
3210,Kerzers,FR,46.9806,7.1959
3212,Gurmels,FR,46.8903,7.1725
3213,Kleinbösingen,FR,46.893,7.2024
3214,Ulmiz,FR,46.9299,7.1986
3215,Büchslen,FR,46.9449,7.1787
3216,Agriswil,FR,46.9544,7.2013
3225,Müntschemier,BE,46.9949,7.1464
3226,Treiten,BE,47.0062,7.1656
3232,Ins,BE,47.0025,7.1093
3233,Tschugg,BE,47.0239,7.0779
3234,Vinelz,BE,47.0326,7.1188
3235,Erlach,BE,47.0468,7.104
3236,Gampelen,BE,46.9964,7.0593
3237,Brüttelen,BE,47.024,7.1512
3238,Gals,BE,47.0339,7.0563
3250,Lyss,BE,47.0763,7.3152
3251,Wengi b. Büren,BE,47.0861,7.3954
3252,Worben,BE,47.0991,7.2968
3253,Schnottwil,SO,47.1088,7.3912
3254,Balm b. Messen,SO,47.1045,7.4347
3255,Rapperswil BE,BE,47.0662,7.4111
3256,Dieterswil,BE,47.0503,7.4305
3257,Grossaffoltern,BE,47.0711,7.3652
3262,Suberg,BE,47.0559,7.3389
3263,Büetigen,BE,47.106,7.338
3264,Diessbach b. Büren,BE,47.1044,7.3639
3266,Wiler b. Seedorf,BE,47.0494,7.3209
3267,Seedorf BE,BE,47.0265,7.3231
3268,Lobsigen,BE,47.0187,7.2998
3270,Aarberg,BE,47.0461,7.2829
3271,Radelfingen b. Aarberg,BE,47.0186,7.2729
3272,Walperswil,BE,47.0522,7.2238
3273,Kappelen,BE,47.0713,7.2744
3274,Bühl b. Aarberg,BE,47.067,7.2465
3280,Meyriez,FR,46.9288,7.1007
3282,Bargen BE,BE,47.0362,7.2449
3283,Niederried b. Kallnach,BE,47.0063,7.2314
3284,Fräschels,FR,46.9979,7.2082
3285,Galmiz,FR,46.9599,7.1466
3286,Muntelier,FR,46.9424,7.128
3292,Busswil BE,BE,47.0995,7.3211
3293,Dotzigen,BE,47.1242,7.3479
3294,Meienried,BE,47.1372,7.3417
3295,Rüti b. Büren,BE,47.1513,7.4113
3296,Arch,BE,47.1656,7.4342
3297,Leuzigen,BE,47.1709,7.4666
3298,Oberwil b. Büren,BE,47.1307,7.4114
3302,Moosseedorf,BE,47.0101,7.4845
3303,Jegenstorf,BE,47.0522,7.5036
3305,Iffwil,BE,47.0651,7.4771
3306,Etzelkofen,BE,47.0835,7.4806
3307,Brunnenthal,SO,47.0853,7.4664
3308,Grafenried,BE,47.0784,7.5055
3309,Kernenried,BE,47.0663,7.5498
3312,Fraubrunnen,BE,47.0879,7.5386
3313,Büren zum Hof,BE,47.0972,7.5116
3314,Schalunen,BE,47.1102,7.5257
3315,Kräiligen,BE,47.1506,7.5358
3317,Limpach,BE,47.1102,7.4987
3321,Schönbühl Einkaufszentrum,BE,47.0168,7.4839
3322,Urtenen-Schönbühl,BE,47.0216,7.4996
3323,Bäriswil BE,BE,47.0169,7.532
3324,Hindelbank,BE,47.0418,7.5432
3325,Hettiswil b. Hindelbank,BE,47.0267,7.5569
3326,Krauchthal,BE,47.0041,7.5641
3360,Herzogenbuchsee,BE,47.1946,7.7138
3362,Niederönz,BE,47.1861,7.684
3363,Oberönz,BE,47.1739,7.6887
3365,Grasswil,BE,47.1408,7.669
3366,Bettenhausen,BE,47.1743,7.7128
3367,Ochlenberg,BE,47.1535,7.7421
3368,Bleienbach,BE,47.1822,7.7569
3372,Wanzwil,BE,47.199,7.6916
3373,Heimenhausen,BE,47.2137,7.6969
3374,Wangenried,BE,47.2177,7.659
3375,Inkwil,BE,47.2035,7.6665
3376,Graben,BE,47.2183,7.7205
3377,Walliswil b. Wangen,BE,47.2271,7.6835
3380,Wangen an der Aare,BE,47.2315,7.6515
3400,Burgdorf,BE,47.0561,7.6184
3401,Burgdorf,BE,47.059,7.6279
3412,Heimiswil,BE,47.0515,7.6611
3413,Kaltacker,BE,47.0751,7.6744
3414,Oberburg,BE,47.0202,7.6085
3415,Schafhausen im Emmental,BE,46.9912,7.6463
3416,Affoltern im Emmental,BE,47.0688,7.7255
3417,Rüegsau,BE,47.0275,7.6773
3418,Rüegsbach,BE,47.0468,7.6991
3419,Biembach im Emmental,BE,46.9938,7.6161
3421,Lyssach,BE,47.0633,7.5812
3422,Kirchberg BE,BE,47.0846,7.6015
3423,Ersigen,BE,47.0976,7.6043
3424,Niederösch,BE,47.116,7.6153
3425,Willadingen,BE,47.147,7.6149
3426,Aefligen,BE,47.0966,7.5495
3427,Utzenstorf,BE,47.124,7.5635
3428,Wiler b. Utzenstorf,BE,47.1529,7.5582
3429,Hellsau,BE,47.1437,7.6483
3432,Lützelflüh-Goldbach,BE,47.001,7.6821
3433,Schwanden im Emmental,BE,46.9779,7.695
3434,Landiswil,BE,46.9541,7.6886
3435,Ramsei,BE,46.9994,7.7121
3436,Zollbrück,BE,46.9751,7.7663
3437,Rüderswil,BE,46.9827,7.7167
3438,Lauperswil,BE,46.9603,7.7268
3439,Ranflüh,BE,46.9901,7.7472
3452,Grünenmatt,BE,47.0149,7.7247
3453,Heimisbach,BE,47.0091,7.7838
3454,Sumiswald,BE,47.0376,7.7502
3455,Grünen,BE,47.0222,7.7391
3456,Trachselwald,BE,47.0154,7.7448
3457,Wasen im Emmental,BE,47.029,7.8386
3462,Weier im Emmental,BE,47.0601,7.7616
3463,Häusernmoos im Emmental,BE,47.0806,7.7527
3464,Schmidigen-Mühleweg,BE,47.0939,7.7377
3465,Dürrenroth,BE,47.0796,7.7867
3472,Rumendingen,BE,47.1054,7.6432
3473,Alchenstorf,BE,47.1245,7.6437
3474,Rüedisbach,BE,47.1184,7.7028
3475,Hermiswil,BE,47.1558,7.6998
3476,Oschwand,BE,47.137,7.7217
3503,Gysenstein,BE,46.8935,7.5955
3504,Oberhünigen,BE,46.8733,7.6693
3506,Grosshöchstetten,BE,46.9068,7.6354
3507,Biglen,BE,46.9286,7.6288
3508,Arni BE,BE,46.9349,7.6601
3510,Häutligen,BE,46.8576,7.6047
3512,Walkringen,BE,46.9491,7.6199
3513,Bigenthal,BE,46.9721,7.6345
3531,Oberthal,BE,46.9187,7.6835
3532,Zäziwil,BE,46.8956,7.6676
3533,Bowil,BE,46.8891,7.7009
3534,Signau,BE,46.9089,7.7339
3535,Schüpbach,BE,46.9292,7.7483
3536,Aeschau,BE,46.9041,7.7853
3537,Eggiwil,BE,46.8613,7.812
3538,Röthenbach im Emmental,BE,46.8574,7.7413
3543,Emmenmatt,BE,46.9444,7.7269
3550,Langnau im Emmental,BE,46.9333,7.7854
3551,Oberfrittenbach,BE,46.9744,7.7959
3552,Bärau,BE,46.94,7.8265
3553,Gohl,BE,46.9762,7.826
3555,Trubschachen,BE,46.9101,7.8523
3556,Trub,BE,46.9648,7.8769
3557,Fankhaus (Trub),BE,46.9824,7.9244
3600,Thun,BE,46.7554,7.6234
3602,Thun,BE,46.7512,7.6217
3603,Thun,BE,46.7624,7.5991
3604,Thun,BE,46.7403,7.6201
3607,Thun,BE,46.7512,7.6217
3608,Thun,BE,46.7387,7.5974
3609,Thun,BE,46.7512,7.6217
3612,Steffisburg,BE,46.7825,7.6336
3613,Steffisburg,BE,46.7713,7.6157
3614,Unterlangenegg,BE,46.7989,7.6936
3615,Heimenschwand,BE,46.821,7.6913
3616,Schwarzenegg,BE,46.8,7.7343
3617,Fahrni b. Thun,BE,46.7978,7.6549
3618,Süderen,BE,46.8198,7.7713
3619,Eriz,BE,46.7805,7.8048
3622,Homberg b. Thun,BE,46.7764,7.6833
3623,Horrenbach,BE,46.7775,7.7467
3624,Schwendibach,BE,46.7699,7.661
3625,Heiligenschwendi,BE,46.752,7.6822
3626,Hünibach,BE,46.7477,7.6487
3627,Heimberg,BE,46.7944,7.6032
3628,Uttigen,BE,46.795,7.5732
3629,Kiesen,BE,46.8124,7.5794
3631,Höfen b. Thun,BE,46.7225,7.5666
3632,Niederstocken,BE,46.7021,7.5712
3633,Amsoldingen,BE,46.7261,7.5854
3634,Thierachern,BE,46.7519,7.5719
3635,Uebeschi,BE,46.7395,7.5473
3636,Längenbühl,BE,46.7579,7.5385
3638,Pohlern,BE,46.7157,7.5229
3645,Zwieselberg,BE,46.7097,7.615
3646,Einigen,BE,46.7071,7.6453
3647,Reutigen,BE,46.6927,7.6055
3652,Hilterfingen,BE,46.7408,7.6628
3653,Oberhofen am Thunersee,BE,46.7332,7.6771
3654,Gunten,BE,46.7145,7.7023
3655,Sigriswil,BE,46.7193,7.7344
3656,Tschingel ob Gunten,BE,46.7257,7.7088
3657,Schwanden (Sigriswil),BE,46.7443,7.7572
3658,Merligen,BE,46.704,7.753
3661,Uetendorf,BE,46.775,7.5746
3662,Seftigen,BE,46.7904,7.5392
3663,Gurzelen,BE,46.7753,7.5357
3664,Burgistein,BE,46.792,7.5032
3665,Wattenwil,BE,46.7594,7.4929
3671,Herbligen,BE,46.8271,7.611
3672,Oberdiessbach,BE,46.8426,7.6273
3673,Linden,BE,46.8497,7.6867
3674,Bleiken b. Oberdiessbach,BE,46.8168,7.6401
3700,Spiez,BE,46.6857,7.6698
3702,Hondrich,BE,46.6718,7.6818
3703,Aeschiried,BE,46.6135,7.7685
3704,Krattigen,BE,46.6508,7.7393
3705,Faulensee,BE,46.6721,7.7074
3706,Leissigen,BE,46.6428,7.7789
3707,Därligen,BE,46.6539,7.8128
3711,Mülenen,BE,46.6396,7.675
3713,Reichenbach im Kandertal,BE,46.618,7.6918
3714,Wengi b. Frutigen,BE,46.6225,7.6464
3715,Adelboden,BE,46.4736,7.5552
3716,Kandergrund,BE,46.5515,7.6677
3717,Blausee-Mitholz,BE,46.525,7.6837
3718,Kandersteg,BE,46.4692,7.7083
3722,Scharnachtal,BE,46.6148,7.7159
3723,Kiental,BE,46.5561,7.7608
3724,Ried (Frutigen),BE,46.5604,7.5942
3725,Achseten,BE,46.5291,7.6046
3752,Wimmis,BE,46.6616,7.6412
3753,Oey,BE,46.6477,7.5971
3754,Diemtigen,BE,46.6466,7.5579
3755,Horboden,BE,46.6038,7.572
3756,Zwischenflüh,BE,46.6022,7.5015
3757,Schwenden im Diemtigtal,BE,46.5563,7.5001
3758,Latterbach,BE,46.6721,7.5895
3762,Erlenbach im Simmental,BE,46.6585,7.5302
3763,Därstetten,BE,46.6804,7.5051
3764,Weissenburg,BE,46.6661,7.477
3765,Oberwil im Simmental,BE,46.6559,7.4312
3766,Boltigen,BE,46.6052,7.3582
3770,Zweisimmen,BE,46.562,7.3903
3771,Blankenburg,BE,46.542,7.4183
3772,St. Stephan,BE,46.4964,7.3917
3773,Matten (St. Stephan),BE,46.5104,7.4622
3775,Lenk im Simmental,BE,46.4251,7.4565
3776,Oeschseite,BE,46.5268,7.3277
3777,Saanenmöser,BE,46.5157,7.305
3778,Schönried,BE,46.52,7.2714
3780,Gstaad,BE,46.4707,7.2946
3781,Turbach,BE,46.4629,7.3509
3782,Lauenen b. Gstaad,BE,46.3981,7.3386
3783,Grund b. Gstaad,BE,46.4375,7.2524
3784,Feutersoey,BE,46.4044,7.2444
3785,Gsteig b. Gstaad,BE,46.3691,7.2591
3792,Saanen,BE,46.4775,7.2495
3800,Sundlauenen,BE,46.6857,7.7818
3801,Jungfraujoch,VS,46.5465,7.9827
3802,Interlaken Ost,BE,46.6871,7.8649
3803,Beatenberg,BE,46.717,7.8063
3804,Habkern,BE,46.755,7.8899
3805,Goldswil b. Interlaken,BE,46.7005,7.8745
3806,Bönigen b. Interlaken,BE,46.6804,7.9238
3807,Iseltwald,BE,46.7011,7.9899
3812,Wilderswil,BE,46.6488,7.8691
3813,Saxeten,BE,46.6251,7.8275
3814,Gsteigwiler,BE,46.6522,7.889
3815,Gündlischwand,BE,46.6552,7.9369
3816,Lütschental,BE,46.6439,7.9522
3818,Grindelwald,BE,46.6186,8.0535
3822,Isenfluh,BE,46.5967,7.8565
3823,Wengen,BE,46.5751,7.9498
3824,Stechelberg,BE,46.515,7.8979
3825,Mürren,BE,46.5766,7.8827
3826,Gimmelwald,BE,46.538,7.8517
3852,Ringgenberg BE,BE,46.7114,7.8968
3853,Niederried b. Interlaken,BE,46.7249,7.9263
3854,Oberried am Brienzersee,BE,46.7563,7.9571
3855,Axalp,BE,46.7215,8.0399
3856,Brienzwiler,BE,46.7586,8.106
3857,Unterbach BE,BE,46.7378,8.119
3858,Hofstetten b. Brienz,BE,46.7669,8.0799
3860,Brünig,BE,46.7587,8.133
3862,Innertkirchen,BE,46.6717,8.2371
3863,Gadmen,BE,46.7112,8.3757
3864,Guttannen,BE,46.5965,8.2578
3900,Brig,VS,46.2837,7.9866
3901,Rothwald,VS,46.277,8.0802
3902,Glis,VS,46.3087,7.9792
3903,Mund,VS,46.3508,7.9229
3904,Naters,VS,46.3367,7.9852
3905,Saas-Almagell,VS,46.054,7.9669
3906,Saas-Fee,VS,46.0894,7.8996
3907,Gabi (Simplon),VS,46.1838,8.0786
3908,Saas-Balen,VS,46.1528,7.9352
3910,Saas-Grund,VS,46.135,7.9724
3911,Ried-Brig,VS,46.302,8.039
3912,Termen,VS,46.33,8.0431
3913,Rosswald,VS,46.3128,8.0752
3914,Blatten b. Naters,VS,46.364,7.9762
3916,Ferden,VS,46.3882,7.7341
3917,Kippel,VS,46.3963,7.7682
3918,Wiler (Lötschen),VS,46.4074,7.787
3919,Blatten (Lötschen),VS,46.4447,7.8646
3920,Zermatt,VS,45.9897,7.7527
3922,Eisten,VS,46.1792,7.9075
3923,Törbel,VS,46.2421,7.836
3924,St. Niklaus VS,VS,46.1678,7.8092
3925,Grächen,VS,46.1967,7.8489
3926,Embd,VS,46.2169,7.7942
3927,Herbriggen,VS,46.1371,7.7836
3928,Randa,VS,46.097,7.7793
3929,Täsch,VS,46.054,7.8112
3930,Eyholz,VS,46.2889,7.9152
3931,Lalden,VS,46.3,7.8999
3932,Visperterminen,VS,46.2426,7.941
3933,Staldenried,VS,46.2176,7.9101
3934,Zeneggen,VS,46.2738,7.861
3935,Bürchen,VS,46.2693,7.8183
3937,Baltschieder,VS,46.3771,7.8812
3938,Ausserberg,VS,46.3276,7.8554
3939,Eggerberg,VS,46.3159,7.8888
3940,Steg VS,VS,46.3381,7.7637
3942,Niedergesteln,VS,46.3488,7.8147
3943,Eischoll,VS,46.2828,7.7611
3944,Unterbäch VS,VS,46.2534,7.7774
3945,Gampel,VS,46.3398,7.7338
3946,Gruben,VS,46.1842,7.7051
3947,Ergisch,VS,46.2726,7.726
3948,Oberems,VS,46.2583,7.6866
3949,Hohtenn,VS,46.3314,7.7701
3951,Agarn,VS,46.2845,7.6673
3952,Susten,VS,46.284,7.6307
3953,Varen,VS,46.338,7.5927
3954,Leukerbad,VS,46.4021,7.6277
3955,Albinen,VS,46.354,7.6447
3956,Guttet-Feschel,VS,46.3491,7.6766
3957,Bratsch,VS,46.3242,7.7122
3960,Niouc,VS,46.2689,7.5605
3961,Ayer,VS,46.1787,7.6153
3963,Aminona,VS,46.3595,7.5375
3965,Chippis,VS,46.2771,7.5406
3966,Réchy,VS,46.2657,7.4943
3967,Vercorin,VS,46.2431,7.5357
3968,Veyras,VS,46.3038,7.5384
3970,Salgesch,VS,46.3114,7.5753
3971,Chermignon,VS,46.2876,7.4735
3972,Miège,VS,46.3311,7.5551
3973,Venthône,VS,46.3048,7.5237
3974,Mollens VS,VS,46.3164,7.5209
3975,Randogne,VS,46.3105,7.5029
3976,Noës,VS,46.2777,7.5059
3977,Granges VS,VS,46.2629,7.4653
3978,Flanthey,VS,46.2704,7.4516
3979,Grône,VS,46.2335,7.4865
3982,Bitsch,VS,46.3421,8.0131
3983,Filet,VS,46.3475,8.0592
3984,Fiesch,VS,46.4158,8.1147
3985,Münster VS,VS,46.4901,8.2589
3986,Ried-Mörel,VS,46.3571,8.0278
3987,Riederalp,VS,46.3818,8.0282
3988,Ulrichen,VS,46.4814,8.3385
3989,Niederwald,VS,46.4274,8.1989
3991,Betten,VS,46.38,8.0725
3992,Bettmeralp,VS,46.4316,8.0564
3993,Grengiols,VS,46.3402,8.137
3994,Lax,VS,46.3934,8.1107
3995,Mühlebach (Goms),VS,46.4083,8.1721
3996,Binn,VS,46.3682,8.2356
3997,Bellwald,VS,46.4443,8.157
3998,Gluringen,VS,46.4769,8.2175
3999,Oberwald,VS,46.5576,8.3936
4000,Basel,BS,47.5584,7.5733
4001,Basel,BS,47.5568,7.5887
4002,Basel,BS,47.5584,7.5733
4005,Basel,BS,47.5584,7.5733
4009,Basel,BS,47.5584,7.5733
4010,Basel,BS,47.5584,7.5733
4018,Basel,BS,47.5584,7.5733
4019,Basel,BS,47.5584,7.5733
4020,Basel,BS,47.5584,7.5733
4030,Basel,BS,47.5584,7.5733
4031,Basel,BS,47.5619,7.5823
4039,Basel SSF,BS,47.5577,7.5936
4040,Basel,BL,47.5186,7.6174
4041,Basel,BS,47.5577,7.5936
4042,Basel PF Operations Center,BL,47.5186,7.6174
4051,Basel,BS,47.554,7.5865
4052,Basel,BS,47.5457,7.6096
4053,Basel,BS,47.5406,7.5964
4054,Basel,BS,47.5497,7.5696
4055,Basel,BS,47.5626,7.5667
4056,Basel,BS,47.5698,7.5749
4057,Basel,BS,47.5767,7.5947
4058,Basel,BS,47.566,7.6112
4059,Basel,BS,47.5309,7.5939
4070,Basel,BS,47.5584,7.5733
4075,Basel,BS,47.5584,7.5733
4089,Basel SPI GLS,BS,47.5577,7.5936
4091,Basel,BS,47.5584,7.5733
4101,Bruderholz,BL,47.528,7.5812
4102,Binningen,BL,47.5367,7.5676
4103,Bottmingen,BL,47.522,7.5765
4104,Oberwil BL,BL,47.5169,7.5508
4105,Biel-Benken BL,BL,47.5077,7.5209
4106,Therwil,BL,47.4976,7.5589
4107,Ettingen,BL,47.4745,7.5459
4108,Witterswil,SO,47.4873,7.5261
4112,Bättwil-Flüh,SO,47.4916,7.51
4114,Hofstetten SO,SO,47.4703,7.51
4115,Mariastein,SO,47.4759,7.4844
4116,Metzerlen,SO,47.4637,7.4682
4117,Burg im Leimental,BL,47.4523,7.4368
4118,Rodersdorf,SO,47.4846,7.4463
4123,Allschwil,BL,47.545,7.5375
4124,Schönenbuch,BL,47.5352,7.5061
4125,Riehen,BS,47.5795,7.6512
4126,Bettingen,BS,47.5704,7.6722
4127,Birsfelden,BL,47.5508,7.6363
4132,Muttenz,BL,47.5234,7.6481
4133,Pratteln,BL,47.5192,7.6913
4142,Münchenstein,BL,47.5169,7.6175
4143,Dornach,SO,47.4766,7.6243
4144,Arlesheim,BL,47.4955,7.6283
4145,Gempen,SO,47.4784,7.6591
4146,Hochwald,SO,47.4545,7.6396
4147,Aesch BL,BL,47.4728,7.584
4148,Pfeffingen,BL,47.4562,7.582
4153,Reinach BL,BL,47.4973,7.5909
4202,Duggingen,BL,47.4513,7.6096
4203,Grellingen,BL,47.439,7.5866
4204,Himmelried,SO,47.423,7.5939
4206,Seewen SO,SO,47.4263,7.6475
4207,Bretzwil,BL,47.3961,7.6501
4208,Nunningen,SO,47.3977,7.6166
4222,Zwingen,BL,47.436,7.5279
4223,Blauen,BL,47.4527,7.5233
4224,Nenzlingen,BL,47.4493,7.5609
4225,Brislach,BL,47.4252,7.5496
4226,Breitenbach,SO,47.4061,7.5512
4227,Büsserach,SO,47.3897,7.5447
4228,Erschwil,SO,47.3716,7.5445
4229,Beinwil SO,SO,47.3578,7.5951
4232,Fehren,SO,47.4027,7.5786
4233,Meltingen,SO,47.3795,7.5884
4234,Zullwil,SO,47.388,7.6036
4242,Laufen,BL,47.4105,7.4911
4243,Dittingen,BL,47.4415,7.4927
4244,Röschenz,BL,47.4329,7.4649
4245,Kleinlützel,SO,47.4266,7.4179
4246,Wahlen b. Laufen,BL,47.398,7.5115
4247,Grindel,SO,47.3797,7.5073
4252,Bärschwil Dorf,SO,47.385,7.4657
4253,Liesberg,BL,47.3952,7.4298
4254,Liesberg Dorf,BL,47.4074,7.4156
4302,Augst BL,BL,47.5321,7.7176
4303,Kaiseraugst Liebrüti,AG,47.5361,7.7421
4304,Giebenach,BL,47.5234,7.7383
4305,Olsberg,AG,47.526,7.7777
4310,Rheinfelden,AG,47.5493,7.7982
4312,Magden,AG,47.5196,7.8096
4313,Möhlin,AG,47.5655,7.8489
4314,Zeiningen,AG,47.5433,7.8762
4315,Zuzgen,AG,47.5243,7.8999
4316,Hellikon,AG,47.5089,7.9167
4317,Wegenstetten,AG,47.4939,7.9312
4322,Mumpf,AG,47.5451,7.9135
4323,Wallbach,AG,47.568,7.8979
4324,Obermumpf,AG,47.5299,7.937
4325,Schupfart,AG,47.5134,7.9625
4332,Stein AG,AG,47.5452,7.9528
4333,Münchwilen AG,AG,47.5375,7.9642
4334,Sisseln AG,AG,47.5522,7.9853
4402,Frenkendorf,BL,47.5009,7.6971
4410,Liestal,BL,47.4853,7.7255
4411,Seltisberg,BL,47.462,7.7157
4412,Nuglar,SO,47.4721,7.6887
4413,Büren SO,SO,47.4478,7.6733
4414,Füllinsdorf,BL,47.5109,7.732
4415,Lausen,BL,47.4706,7.7656
4416,Bubendorf,BL,47.4458,7.737
4417,Ziefen,BL,47.429,7.7027
4418,Reigoldswil,BL,47.3948,7.6904
4419,Lupsingen,BL,47.4463,7.6961
4421,St. Pantaleon,SO,47.459,7.689
4422,Arisdorf,BL,47.5093,7.7665
4423,Hersberg,BL,47.4922,7.7833
4424,Arboldswil,BL,47.4148,7.7185
4425,Titterten,BL,47.402,7.7148
4426,Lauwil,BL,47.3802,7.6679
4431,Bennwil,BL,47.3963,7.7821
4432,Lampenberg,BL,47.4267,7.7539
4433,Ramlinsburg,BL,47.4502,7.7682
4434,Hölstein,BL,47.4259,7.7749
4435,Niederdorf,BL,47.4105,7.7475
4436,Oberdorf BL,BL,47.3928,7.7526
4437,Waldenburg,BL,47.3771,7.7402
4438,Langenbruck,BL,47.3577,7.7711
4441,Thürnen,BL,47.4531,7.8289
4442,Diepflingen,BL,47.445,7.8404
4443,Wittinsburg,BL,47.4297,7.8386
4444,Rümlingen,BL,47.428,7.856
4445,Häfelfingen,BL,47.4139,7.8704
4446,Buckten,BL,47.4116,7.8467
4447,Känerkinden,BL,47.4116,7.8324
4448,Läufelfingen,BL,47.3942,7.856
4450,Sissach,BL,47.4722,7.8076
4451,Wintersingen,BL,47.4961,7.8271
4452,Itingen,BL,47.4647,7.7847
4453,Nusshof,BL,47.4915,7.7985
4455,Zunzgen,BL,47.4451,7.7986
4456,Tenniken,BL,47.4325,7.8146
4457,Diegten,BL,47.4093,7.8097
4458,Eptingen,BL,47.3797,7.8173
4460,Gelterkinden,BL,47.4571,7.8586
4461,Böckten,BL,47.4673,7.8344
4462,Rickenbach BL,BL,47.4847,7.8492
4463,Buus,BL,47.5047,7.8661
4464,Maisprach,BL,47.5223,7.8458
4465,Hemmiken,BL,47.4902,7.8917
4466,Ormalingen,BL,47.4731,7.8784
4467,Rothenfluh,BL,47.4703,7.9177
4468,Kienberg,SO,47.4403,7.9672
4469,Anwil,BL,47.453,7.942
4492,Tecknau,BL,47.4454,7.8897
4493,Wenslingen,BL,47.4432,7.91
4494,Oltingen,BL,47.4302,7.9373
4495,Zeglingen,BL,47.4121,7.9123
4496,Kilchberg BL,BL,47.4257,7.8969
4497,Rünenberg,BL,47.432,7.8804
4500,Solothurn,SO,47.2062,7.5295
4501,Solothurn,SO,47.2084,7.5301
4502,Solothurn,SO,47.2079,7.5371
4503,Solothurn,SO,47.2079,7.5371
4509,Solothurn,SO,47.2079,7.5371
4512,Bellach,SO,47.211,7.4947
4513,Langendorf,SO,47.2216,7.5153
4514,Lommiswil,SO,47.2284,7.4679
4515,Oberdorf SO,SO,47.2324,7.4984
4522,Rüttenen,SO,47.2408,7.5317
4523,Niederwil SO,SO,47.247,7.569
4524,Oberbalmberg,SO,47.2649,7.5385
4525,Balm b. Günsberg,SO,47.2582,7.5432
4528,Zuchwil,SO,47.2047,7.5634
4532,Feldbrunnen,SO,47.2249,7.5521
4533,Riedholz,SO,47.2319,7.5701
4534,Flumenthal,SO,47.2351,7.6007
4535,Hubersdorf,SO,47.245,7.5887
4536,Attiswil,BE,47.2527,7.611
4537,Wiedlisbach,BE,47.2459,7.6517
4538,Oberbipp,BE,47.254,7.6776
4539,Rumisberg,BE,47.2716,7.6346
4542,Luterbach,SO,47.2175,7.5881
4543,Deitingen,SO,47.2177,7.6223
4552,Derendingen,SO,47.192,7.5897
4553,Subingen,SO,47.2001,7.6237
4554,Hüniken,SO,47.1834,7.6357
4556,Bolken,SO,47.1931,7.6619
4557,Horriwil,SO,47.1803,7.6256
4558,Heinrichswil,SO,47.1582,7.6307
4562,Biberist,SO,47.1827,7.5498
4563,Gerlafingen,SO,47.1706,7.5725
4564,Zielebach,BE,47.158,7.573
4565,Recherswil,SO,47.1598,7.6015
4566,Oekingen,SO,47.1787,7.6119
4571,Lüterkofen,SO,47.1648,7.509
4573,Lohn-Ammannsegg,SO,47.1724,7.5278
4574,Nennigkofen,SO,47.1829,7.4889
4576,Tscheppach,SO,47.1484,7.4818
4577,Hessigkofen,SO,47.139,7.4597
4578,Bibern SO,SO,47.1479,7.454
4579,Gossliwil,SO,47.1367,7.4345
4581,Küttigkofen,SO,47.1516,7.513
4582,Brügglen,SO,47.1439,7.4955
4583,Mühledorf SO,SO,47.1331,7.4755
4584,Lüterswil,SO,47.1177,7.4407
4585,Biezwil,SO,47.1118,7.4191
4586,Kyburg-Buchegg,SO,47.1423,7.5137
4587,Aetingen,SO,47.1295,7.5009
4588,Unterramsern,SO,47.1189,7.4808
4600,Olten,SO,47.3458,7.9009
4601,Olten 1 Fächer,SO,47.3448,7.9001
4605,Olten,SO,47.35,7.9033
4609,Olten Sonderdienste,SO,47.3448,7.9001
4612,Wangen b. Olten,SO,47.3421,7.8717
4613,Rickenbach SO,SO,47.3426,7.8552
4614,Hägendorf,SO,47.3446,7.8264
4615,Allerheiligenberg,SO,47.3523,7.8149
4616,Kappel SO,SO,47.321,7.8573
4617,Gunzgen,SO,47.3121,7.8355
4618,Boningen,SO,47.3036,7.8543
4622,Egerkingen,SO,47.3258,7.7964
4623,Neuendorf,SO,47.2971,7.8008
4624,Härkingen,SO,47.3046,7.8214
4625,Oberbuchsiten,SO,47.3122,7.7598
4626,Niederbuchsiten,SO,47.2887,7.7782
4628,Wolfwil,SO,47.2701,7.7982
4629,Fulenbach,SO,47.2808,7.8327
4632,Trimbach,SO,47.3687,7.8889
4633,Hauenstein,SO,47.3713,7.8558
4634,Wisen SO,SO,47.3938,7.8936
4652,Winznau,SO,47.3682,7.9288
4653,Obergösgen,SO,47.3642,7.9541
4654,Lostorf,SO,47.3872,7.9349
4655,Stüsslingen,SO,47.3948,7.9699
4656,Starrkirch-Wil,SO,47.3419,7.927
4657,Dulliken,SO,47.3473,7.9454
4658,Däniken SO,SO,47.3488,7.9777
4663,Aarburg,AG,47.3236,7.9057
4665,Oftringen,AG,47.313,7.9391
4702,Oensingen,SO,47.2879,7.7228
4703,Kestenholz,SO,47.2763,7.7533
4704,Wolfisberg,BE,47.2771,7.6586
4710,Balsthal,SO,47.3143,7.7003
4712,Laupersdorf,SO,47.3128,7.6569
4713,Matzendorf,SO,47.302,7.6282
4714,Aedermannsdorf,SO,47.306,7.6
4715,Herbetswil,SO,47.2919,7.5735
4716,Gänsbrunnen,SO,47.2622,7.4669
4717,Mümliswil,SO,47.3456,7.6844
4718,Holderbank SO,SO,47.3327,7.7513
4719,Ramiswil,SO,47.3463,7.6337
4800,Zofingen,AG,47.2865,7.9576
4801,Zofingen,AG,47.2888,7.9633
4802,Strengelbach,AG,47.2834,7.9225
4803,Vordemwald,AG,47.2694,7.8926
4805,Brittnau,AG,47.2546,7.9287
4806,Wikon,LU,47.2664,7.9679
4807,Zofingen PostFinance,AG,47.2888,7.9633
4808,Zofingen PF,AG,47.2888,7.9633
4809,Zofingen PF,AG,47.2888,7.9633
4810,Zofingen PF,AG,47.2888,7.9633
4812,Mühlethal,AG,47.299,7.9784
4813,Uerkheim,AG,47.3042,8.01
4814,Bottenwil,AG,47.2847,8.0021
4852,Rothrist,AG,47.2983,7.8836
4853,Murgenthal,AG,47.2698,7.8388
4856,Glashütten,AG,47.2492,7.8546
4900,Langenthal,BE,47.2158,7.7946
4901,Langenthal,BE,47.2153,7.7961
4911,Schwarzhäusern,BE,47.2557,7.7669
4912,Aarwangen,BE,47.2357,7.7643
4913,Bannwil,BE,47.2385,7.7303
4914,Roggwil BE,BE,47.2366,7.8185
4915,St. Urban,LU,47.2236,7.8563
4916,Untersteckholz,BE,47.2069,7.844
4917,Melchnau,BE,47.1771,7.856
4919,Reisiswil,BE,47.1613,7.8424
4922,Bützberg,BE,47.215,7.7442
4923,Wynau,BE,47.256,7.8048
4924,Obersteckholz,BE,47.2019,7.8254
4932,Gutenburg,BE,47.1822,7.7998
4933,Rütschelen,BE,47.1712,7.7709
4934,Madiswil,BE,47.1618,7.8111
4935,Leimiswil,BE,47.1489,7.7657
4936,Kleindietwil,BE,47.1423,7.791
4937,Ursenbach,BE,47.13,7.7644
4938,Rohrbach,BE,47.1331,7.811
4942,Walterswil BE,BE,47.1064,7.7747
4943,Oeschenbach,BE,47.1105,7.7463
4944,Auswil,BE,47.1358,7.8383
4950,Huttwil,BE,47.1098,7.8546
4952,Eriswil,BE,47.0707,7.8587
4953,Schwarzenbach (Huttwil),BE,47.1023,7.826
4954,Wyssachen,BE,47.0732,7.8216
4955,Gondiswil,BE,47.1434,7.8683
5000,Aarau,AG,47.3887,8.0483
5001,Aarau 1,AG,47.3888,8.0483
5004,Aarau,AG,47.4007,8.0607
5012,Eppenberg,SO,47.3741,8.0238
5013,Niedergösgen,SO,47.3736,7.984
5014,Gretzenbach,SO,47.3541,7.9996
5015,Erlinsbach SO,SO,47.3983,7.9959
5017,Barmelweid,AG,47.4219,7.9722
5018,Erlinsbach,AG,47.4143,8.0077
5022,Rombach,AG,47.4052,8.0456
5023,Biberstein,AG,47.4188,8.083
5024,Küttigen,AG,47.4221,8.0439
5025,Asp,AG,47.4421,8.0506
5026,Densbüren,AG,47.4566,8.0599
5027,Herznach,AG,47.4721,8.0465
5028,Ueken,AG,47.4854,8.0434
5032,Aarau Rohr,AG,47.4055,8.0841
5033,Buchs AG,AG,47.3937,8.0879
5034,Suhr,AG,47.3749,8.084
5035,Unterentfelden,AG,47.3684,8.0427
5036,Oberentfelden,AG,47.3542,8.0413
5037,Muhen,AG,47.3329,8.0627
5040,Schöftland,AG,47.3054,8.0557
5042,Hirschthal,AG,47.3176,8.0671
5043,Holziken,AG,47.3195,8.0343
5044,Schlossrued,AG,47.2902,8.0884
5046,Walde AG,AG,47.2535,8.1161
5053,Wittwil,AG,47.2931,8.0359
5054,Moosleerau,AG,47.2645,8.0661
5056,Attelwil,AG,47.2634,8.0397
5057,Reitnau,AG,47.2515,8.0354
5058,Wiliberg,AG,47.2669,8.0166
5062,Oberhof,AG,47.4418,8.007
5063,Wölflinswil,AG,47.4628,8.0002
5064,Wittnau,AG,47.4771,7.9661
5070,Frick,AG,47.5097,8.0142
5072,Oeschgen,AG,47.5249,8.0171
5073,Gipf-Oberfrick,AG,47.4931,7.9962
5074,Eiken,AG,47.537,7.9892
5075,Hornussen,AG,47.5016,8.0625
5076,Bözen,AG,47.4964,8.0859
5077,Elfingen,AG,47.51,8.1022
5078,Effingen,AG,47.4928,8.1125
5079,Zeihen,AG,47.4705,8.0931
5080,Laufenburg,AG,47.556,8.0608
5082,Kaisten,AG,47.5386,8.0448
5083,Ittenthal,AG,47.519,8.0622
5084,Rheinsulz,AG,47.5528,8.0867
5085,Sulz AG,AG,47.5343,8.098
5102,Rupperswil,AG,47.4038,8.1311
5103,Wildegg,AG,47.4159,8.1651
5105,Auenstein,AG,47.4185,8.1262
5106,Veltheim AG,AG,47.4318,8.1484
5107,Schinznach Dorf,AG,47.4543,8.139
5108,Oberflachs,AG,47.4379,8.1229
5112,Thalheim AG,AG,47.4392,8.0934
5113,Holderbank AG,AG,47.4309,8.1707
5116,Schinznach Bad,AG,47.4538,8.1687
5200,Brugg AG,AG,47.4864,8.2112
5201,Brugg AG,AG,47.4863,8.211
5210,Windisch,AG,47.4759,8.2221
5212,Hausen AG,AG,47.4613,8.2074
5213,Villnachern,AG,47.4725,8.1625
5222,Umiken,AG,47.4812,8.1867
5223,Riniken,AG,47.4939,8.1867
5225,Bözberg,AG,47.4891,8.145
5232,Villigen PSI,AG,47.5296,8.2072
5233,Stilli,AG,47.5165,8.2315
5234,Villigen,AG,47.5301,8.2063
5235,Rüfenach AG,AG,47.5049,8.2127
5236,Remigen,AG,47.5174,8.1759
5237,Mönthal,AG,47.5165,8.1376
5242,Lupfig,AG,47.4436,8.2075
5243,Mülligen,AG,47.4524,8.2385
5244,Birrhard,AG,47.4361,8.2423
5245,Habsburg,AG,47.4614,8.186
5246,Scherz,AG,47.4469,8.1842
5272,Gansingen,AG,47.5372,8.1317
5273,Oberhofen AG,AG,47.5562,8.1252
5274,Mettau,AG,47.569,8.1301
5275,Etzgen,AG,47.5743,8.1137
5276,Wil AG,AG,47.5662,8.1575
5277,Hottwil,AG,47.5423,8.1638
5300,Turgi,AG,47.4901,8.2561
5301,Siggenthal Station,AG,47.5152,8.238
5303,Würenlingen,AG,47.5321,8.2492
5304,Endingen,AG,47.5307,8.2901
5305,Unterendingen,AG,47.5461,8.289
5306,Tegerfelden,AG,47.5619,8.2849
5312,Döttingen,AG,47.56,8.253
5313,Klingnau,AG,47.5886,8.2507
5314,Kleindöttingen,AG,47.5692,8.238
5315,Böttstein,AG,47.5529,8.2181
5316,Leuggern,AG,47.584,8.2169
5317,Hettenschwil,AG,47.5739,8.1939
5318,Mandach,AG,47.5515,8.1877
5322,Koblenz,AG,47.6044,8.2447
5323,Rietheim,AG,47.6029,8.2739
5324,Full-Reuenthal,AG,47.6087,8.2028
5325,Leibstadt,AG,47.5897,8.1784
5326,Schwaderloch,AG,47.5858,8.1457
5330,Bad Zurzach,AG,47.5859,8.292
5332,Rekingen AG,AG,47.5671,8.3218
5333,Baldingen,AG,47.5548,8.3136
5334,Böbikon,AG,47.5504,8.3379
5400,Baden,AG,47.4721,8.2914
5401,Baden,AG,47.4733,8.3059
5402,Baden,AG,47.4733,8.3059
5404,Baden,AG,47.4549,8.2783
5405,Baden,AG,47.4733,8.3059
5406,Rütihof,AG,47.4381,8.2659
5408,Ennetbaden,AG,47.4804,8.3235
5412,Vogelsang AG,AG,47.4974,8.2393
5413,Birmenstorf AG,AG,47.4558,8.2562
5415,Rieden AG,AG,47.4839,8.304
5416,Kirchdorf AG,AG,47.499,8.2801
5417,Untersiggenthal,AG,47.5067,8.2584
5420,Ehrendingen,AG,47.4943,8.3468
5423,Freienwil,AG,47.5014,8.319
5425,Schneisingen,AG,47.5249,8.3617
5426,Lengnau AG,AG,47.5251,8.3241
5430,Wettingen,AG,47.4666,8.3412
5432,Neuenhof,AG,47.4441,8.3251
5436,Würenlos,AG,47.4473,8.3639
5442,Fislisbach,AG,47.4374,8.2907
5443,Niederrohrdorf,AG,47.4201,8.3013
5444,Künten,AG,47.386,8.3254
5445,Eggenwil,AG,47.3716,8.3385
5452,Oberrohrdorf,AG,47.4251,8.3205
5453,Remetschwil,AG,47.4083,8.3319
5454,Bellikon,AG,47.3916,8.3494
5462,Siglistorf,AG,47.5387,8.387
5463,Wislikofen,AG,47.5537,8.3667
5464,Rümikon AG,AG,47.5643,8.3806
5465,Mellikon,AG,47.5633,8.3472
5466,Kaiserstuhl AG,AG,47.5677,8.419
5467,Fisibach,AG,47.5583,8.4047
5502,Hunzenschwil,AG,47.3842,8.1229
5503,Schafisheim,AG,47.3737,8.1391
5504,Othmarsingen,AG,47.4016,8.2146
5505,Brunegg,AG,47.4207,8.2199
5506,Mägenwil,AG,47.4123,8.2342
5507,Mellingen,AG,47.4211,8.2742
5512,Wohlenschwil,AG,47.4167,8.2543
5522,Tägerig,AG,47.3992,8.2789
5524,Niederwil AG,AG,47.3763,8.2905
5525,Fischbach-Göslikon,AG,47.3691,8.3111
5600,Lenzburg,AG,47.3855,8.1805
5603,Staufen,AG,47.3788,8.16
5604,Hendschiken,AG,47.3846,8.2159
5605,Dottikon,AG,47.3779,8.2415
5606,Dintikon,AG,47.3616,8.2218
5607,Hägglingen,AG,47.39,8.2576
5608,Stetten AG,AG,47.4013,8.3051
5610,Wohlen AG,AG,47.3503,8.2836
5611,Anglikon,AG,47.3665,8.2631
5612,Villmergen,AG,47.3475,8.2403
5613,Hilfikon,AG,47.3308,8.2453
5614,Sarmenstorf,AG,47.3117,8.2524
5615,Fahrwangen,AG,47.2863,8.2392
5616,Meisterschwanden,AG,47.2902,8.2258
5617,Tennwil,AG,47.3062,8.2191
5618,Bettwil,AG,47.2902,8.2717
5619,Büttikon AG,AG,47.3282,8.2683
5620,Bremgarten AG,AG,47.3535,8.3299
5621,Zufikon,AG,47.3447,8.3582
5622,Waltenschwil,AG,47.3341,8.2989
5623,Boswil,AG,47.2998,8.3092
5624,Bünzen,AG,47.3156,8.3263
5625,Kallern,AG,47.3095,8.2901
5626,Hermetschwil-Staffeln,AG,47.3304,8.3415
5627,Besenbüren,AG,47.3128,8.3449
5628,Aristau,AG,47.2912,8.3647
5630,Muri AG,AG,47.272,8.3393
5632,Buttwil,AG,47.2688,8.3063
5634,Merenschwand,AG,47.2627,8.3839
5636,Benzenschwil,AG,47.2465,8.3637
5637,Geltwil,AG,47.249,8.326
5642,Mühlau,AG,47.2342,8.3891
5643,Alikon,AG,47.1965,8.3524
5644,Auw,AG,47.2148,8.3627
5645,Fenkrieden,AG,47.1595,8.3712
5646,Abtwil AG,AG,47.174,8.3538
5647,Oberrüti,AG,47.1669,8.3986
5702,Niederlenz,AG,47.4034,8.1704
5703,Seon,AG,47.3482,8.1576
5704,Egliswil,AG,47.3517,8.1903
5705,Hallwil,AG,47.3265,8.1779
5706,Boniswil,AG,47.3118,8.1921
5707,Seengen,AG,47.3283,8.2087
5708,Birrwil,AG,47.2919,8.1981
5712,Beinwil am See,AG,47.2665,8.2086
5722,Gränichen,AG,47.3516,8.1066
5723,Teufenthal AG,AG,47.3281,8.1259
5724,Dürrenäsch,AG,47.3186,8.1544
5725,Leutwil,AG,47.3056,8.1738
5726,Unterkulm,AG,47.3177,8.1032
5727,Oberkulm,AG,47.2984,8.1259
5728,Gontenschwil,AG,47.2676,8.1415
5732,Zetzwil,AG,47.2883,8.162
5733,Leimbach AG,AG,47.2749,8.1701
5734,Reinach AG,AG,47.2612,8.1793
5735,Pfeffikon LU,LU,47.2459,8.165
5736,Burg AG,AG,47.2339,8.178
5737,Menziken,AG,47.236,8.1865
5742,Kölliken,AG,47.3347,8.021
5745,Safenwil,AG,47.3197,7.9869
5746,Walterswil SO,SO,47.3305,7.9632
6000,Luzern 30 AAL,LU,47.0471,8.3252
6002,Luzern,LU,47.0505,8.3064
6003,Luzern,LU,47.0491,8.296
6004,Luzern,LU,47.0594,8.3008
6005,Luzern,LU,47.0382,8.3134
6006,Luzern,LU,47.0538,8.3345
6007,Luzern,LU,47.0505,8.3064
6009,Luzern,LU,47.0208,8.2589
6010,Kriens,LU,47.0199,8.2682
6011,Kriens,LU,47.0311,8.2855
6012,Obernau,LU,47.0269,8.2366
6013,Eigenthal,LU,46.9926,8.2154
6014,Luzern,LU,47.0568,8.247
6015,Luzern,LU,47.0631,8.2778
6016,Hellbühl,LU,47.0693,8.1974
6017,Ruswil,LU,47.0859,8.1338
6018,Buttisholz,LU,47.1141,8.0923
6019,Sigigen,LU,47.0591,8.139
6020,Emmenbrücke,LU,47.0771,8.2667
6021,Emmenbrücke 1,LU,47.0866,8.2862
6022,Grosswangen,LU,47.1335,8.0549
6023,Rothenburg,LU,47.1046,8.2625
6024,Hildisrieden,LU,47.1475,8.2316
6025,Neudorf,LU,47.176,8.2102
6026,Rain,LU,47.1319,8.2636
6027,Römerswil LU,LU,47.1697,8.2489
6028,Herlisberg,LU,47.1979,8.2303
6030,Ebikon,LU,47.0799,8.3417
6031,Ebikon,LU,47.0794,8.3404
6032,Emmen,LU,47.0901,8.3101
6033,Buchrain,LU,47.1007,8.3463
6034,Inwil,LU,47.1287,8.3623
6035,Perlen,LU,47.1115,8.3649
6036,Dierikon,LU,47.0942,8.3726
6037,Root,LU,47.1113,8.3928
6038,Gisikon,LU,47.1275,8.3997
6039,Root D4,LU,47.1031,8.3733
6042,Dietwil,AG,47.1483,8.3963
6043,Adligenswil,LU,47.0723,8.3685
6044,Udligenswil,LU,47.0928,8.3998
6045,Meggen,LU,47.0449,8.3745
6047,Kastanienbaum,LU,47.0074,8.3402
6048,Horw,LU,47.0108,8.3039
6052,Hergiswil NW,NW,46.9859,8.2813
6053,Alpnachstad,OW,46.961,8.291
6055,Alpnach Dorf,OW,46.949,8.2264
6056,Kägiswil,OW,46.917,8.2553
6060,Ramersberg,OW,46.9136,8.2083
6061,Sarnen 1,OW,46.8985,8.1765
6062,Wilen (Sarnen),OW,46.8705,8.207
6063,Stalden (Sarnen),OW,46.8944,8.1489
6064,Kerns,OW,46.9071,8.3028
6066,St. Niklausen OW,OW,46.8732,8.3026
6067,Melchtal,OW,46.8235,8.3012
6068,Melchsee-Frutt,OW,46.7821,8.2988
6072,Sachseln,OW,46.8319,8.2424
6073,Flüeli-Ranft,OW,46.874,8.2596
6074,Giswil,OW,46.8375,8.122
6078,Bürglen OW,OW,46.8113,8.1674
6083,Hasliberg Hohfluh,BE,46.7543,8.1733
6084,Hasliberg Wasserwendi,BE,46.7559,8.2104
6085,Hasliberg Goldern,BE,46.7385,8.1963
6086,Hasliberg Reuti,BE,46.7418,8.2522
6102,Malters,LU,47.0378,8.1845
6103,Schwarzenberg LU,LU,46.9983,8.1738
6105,Schachen LU,LU,47.0292,8.1289
6106,Werthenstein,LU,47.0472,8.1044
6110,Fontannen b. Wolhusen,LU,47.0203,7.9771
6112,Doppleschwand,LU,47.0119,8.0508
6113,Romoos,LU,47.007,8.0052
6114,Steinhuserberg,LU,47.046,8.0446
6122,Menznau,LU,47.0775,8.0373
6123,Geiss,LU,47.0912,8.062
6125,Menzberg,LU,47.0403,7.9916
6126,Daiwil,LU,47.0858,8.0124
6130,Willisau,LU,47.1078,7.984
6132,Rohrmatt,LU,47.079,7.9838
6133,Hergiswil b. Willisau,LU,47.0659,7.9528
6142,Gettnau,LU,47.1385,7.9666
6143,Ohmstal,LU,47.1592,7.9544
6144,Zell LU,LU,47.1393,7.9317
6145,Fischbach LU,LU,47.1527,7.9069
6146,Grossdietwil,LU,47.1672,7.8939
6147,Altbüron,LU,47.1912,7.8901
6152,Hüswil,LU,47.1262,7.9066
6153,Ufhusen,LU,47.1077,7.8933
6154,Hofstatt,LU,47.0777,7.898
6156,Luthern,LU,47.0559,7.9072
6160,Entlebuch Businesszentrum,LU,46.9762,8.1079
6162,Rengg,LU,47.0003,8.1102
6163,Ebnet,LU,47.0211,8.0831
6166,Hasle LU,LU,46.9592,8.067
6167,Bramboden,LU,46.9851,7.9727
6170,Schüpfheim,LU,46.9462,8.0121
6173,Flühli LU,LU,46.8826,8.0249
6174,Sörenberg,LU,46.8161,8.0089
6182,Escholzmatt,LU,46.9238,7.9427
6192,Wiggen,LU,46.8779,7.944
6196,Marbach LU,LU,46.8557,7.9091
6197,Schangnau,BE,46.8106,7.8871
6203,Sempach Station,LU,47.1172,8.2006
6204,Sempach,LU,47.1374,8.1982
6205,Eich,LU,47.1567,8.1654
6206,Neuenkirch,LU,47.0968,8.201
6207,Nottwil Paraplegikerzentrum,LU,47.1279,8.1355
6208,Oberkirch LU,LU,47.1541,8.1078
6210,Sursee,LU,47.1765,8.1046
6211,Buchs LU,LU,47.2017,8.0386
6212,Kaltbach,LU,47.1824,8.0575
6213,Knutwil,LU,47.2011,8.0703
6214,Schenkon,LU,47.1794,8.1333
6215,Beromünster,LU,47.2092,8.2032
6216,Mauensee,LU,47.1685,8.0723
6217,Kottwil,LU,47.1632,8.0414
6218,Ettiswil,LU,47.1488,8.0184
6221,Rickenbach LU,LU,47.2197,8.149
6222,Gunzwil,LU,47.1917,8.1716
6231,Schlierbach,LU,47.2274,8.1191
6232,Geuensee,LU,47.2018,8.1165
6233,Büron,LU,47.2136,8.0953
6234,Triengen,LU,47.2374,8.0808
6235,Winikon,LU,47.2335,8.0419
6236,Wilihof,LU,47.2206,8.0628
6242,Wauwil,LU,47.1837,8.0315
6243,Egolzwil,LU,47.184,8.0036
6244,Nebikon,LU,47.1909,7.9792
6245,Ebersecken,LU,47.1813,7.9377
6246,Altishofen,LU,47.2023,7.9599
6247,Schötz,LU,47.1682,7.987
6248,Alberswil,LU,47.1472,7.9952
6252,Dagmersellen,LU,47.2159,7.9951
6253,Uffikon,LU,47.2157,8.0245
6260,Reiden,LU,47.2435,7.9767
6262,Langnau b. Reiden,LU,47.2298,7.9489
6263,Richenthal,LU,47.2105,7.932
6264,Pfaffnau,LU,47.2297,7.9009
6265,Roggliswil,LU,47.2114,7.8859
6274,Eschenbach LU,LU,47.1282,8.3125
6275,Ballwil,LU,47.1544,8.3348
6276,Hohenrain,LU,47.1784,8.3203
6277,Kleinwangen,LU,47.197,8.3041
6280,Hochdorf,LU,47.1666,8.2847
6281,Hochdorf,LU,47.1684,8.2918
6283,Baldegg,LU,47.1848,8.2713
6284,Sulz LU,LU,47.2228,8.2942
6285,Hitzkirch,LU,47.2226,8.2578
6286,Altwis,LU,47.2406,8.2522
6287,Aesch LU,LU,47.2583,8.2386
6288,Schongau,LU,47.267,8.2715
6289,Müswangen,LU,47.2384,8.2979
6294,Ermensee,LU,47.2254,8.2344
6295,Mosen,LU,47.2419,8.227
6300,Zugerberg,ZG,47.1413,8.532
6301,Zug,ZG,47.1724,8.5174
6302,Zug,ZG,47.1724,8.5174
6303,Zug,ZG,47.1724,8.5174
6312,Steinhausen,ZG,47.1985,8.4873
6313,Menzingen,ZG,47.172,8.5988
6314,Neuägeri,ZG,47.1518,8.5587
6315,Oberägeri,ZG,47.1356,8.6243
6317,Oberwil b. Zug,ZG,47.1354,8.5001
6318,Walchwil,ZG,47.1064,8.5303
6319,Allenwinden,ZG,47.1647,8.5498
6330,Cham,ZG,47.1945,8.4562
6331,Hünenberg,ZG,47.193,8.4169
6332,Hagendorn,ZG,47.2106,8.4297
6333,Hünenberg See,ZG,47.1709,8.4468
6340,Baar,ZG,47.1996,8.536
6341,Baar,ZG,47.1963,8.5295
6343,Rotkreuz,ZG,47.1446,8.451
6344,Meierskappel,LU,47.1151,8.4527
6345,Neuheim,ZG,47.1996,8.584
6353,Weggis,LU,47.0313,8.4242
6354,Vitznau,LU,47.0162,8.4859
6356,Rigi Kaltbad,LU,47.0366,8.4882
6362,Stansstad,NW,46.974,8.3314
6363,Fürigen,NW,46.9837,8.349
6365,Kehrsiten,NW,47.0046,8.3827
6370,Oberdorf NW,NW,46.9518,8.386
6371,Stans,NW,46.9581,8.3661
6372,Ennetmoos,NW,46.9448,8.3225
6373,Ennetbürgen,NW,46.9945,8.4308
6374,Buochs,NW,46.9672,8.4227
6375,Beckenried,NW,46.9502,8.4716
6376,Emmetten,NW,46.946,8.5203
6377,Seelisberg,UR,46.9634,8.5748
6382,Büren NW,NW,46.9407,8.408
6383,Wiesenberg,NW,46.915,8.3551
6386,Wolfenschiessen,NW,46.8996,8.3825
6387,Oberrickenbach,NW,46.8787,8.4401
6388,Grafenort,OW,46.8634,8.3692
6390,Engelberg,OW,46.8145,8.4412
6391,Engelberg,OW,46.8211,8.4013
6402,Merlischachen,SZ,47.0704,8.4065
6403,Küssnacht am Rigi,SZ,47.0789,8.4457
6404,Greppen,LU,47.0563,8.4313
6405,Immensee,SZ,47.094,8.4748
6410,Rigi Scheidegg,SZ,47.0257,8.5187
6414,Oberarth,SZ,47.0543,8.5335
6415,Arth,SZ,47.0749,8.5245
6416,Steinerberg,SZ,47.0674,8.5808
6417,Sattel,SZ,47.08,8.6312
6418,Rothenthurm,SZ,47.1019,8.6804
6422,Steinen,SZ,47.0517,8.6095
6423,Seewen SZ,SZ,47.0328,8.6281
6424,Lauerz,SZ,47.0248,8.5805
6430,Schwyz,SZ,47.0346,8.6667
6431,Schwyz,SZ,47.0208,8.6541
6432,Rickenbach b. Schwyz,SZ,47.011,8.6928
6433,Stoos SZ,SZ,46.97,8.6717
6434,Illgau,SZ,46.9965,8.7399
6436,Bisisthal,SZ,46.9296,8.8692
6438,Ibach,SZ,47.0025,8.6469
6440,Brunnen,SZ,47.0009,8.5956
6441,Rütli,UR,46.9696,8.5983
6442,Gersau,SZ,46.9977,8.5198
6443,Morschach,SZ,46.9748,8.621
6452,Riemenstalden,SZ,46.938,8.6855
6454,Flüelen,UR,46.9143,8.6391
6460,Altdorf UR,UR,46.8877,8.6414
6461,Isenthal,UR,46.8866,8.5253
6462,Seedorf UR,UR,46.8825,8.5882
6463,Bürglen UR,UR,46.8854,8.6897
6464,Spiringen,UR,46.876,8.7352
6465,Unterschächen,UR,46.8476,8.7868
6466,Bauen,UR,46.9299,8.5819
6467,Schattdorf,UR,46.8565,8.6521
6468,Attinghausen,UR,46.8535,8.5985
6469,Haldi b. Schattdorf,UR,46.8451,8.6862
6472,Erstfeld,UR,46.8124,8.6023
6473,Silenen,UR,46.8042,8.6915
6474,Amsteg,UR,46.7793,8.6544
6475,Bristen,UR,46.7724,8.7632
6476,Intschi,UR,46.7712,8.6323
6482,Gurtnellen,UR,46.7352,8.6205
6484,Wassen UR,UR,46.6974,8.597
6485,Meien,UR,46.7338,8.5119
6487,Göschenen,UR,46.6639,8.4988
6490,Andermatt,UR,46.6205,8.6314
6491,Realp,UR,46.5803,8.4701
6493,Hospental,UR,46.6066,8.5617
6500,Bellinzona,TI,46.1926,9.0364
6501,Bellinzona,TI,46.1928,9.017
6503,Bellinzona,TI,46.2109,9.0017
6512,Giubiasco,TI,46.1733,9.0046
6513,Monte Carasso,TI,46.2048,8.9744
6514,Sementina,TI,46.1901,8.9702
6515,Gudo,TI,46.1818,8.9452
6516,Cugnasco,TI,46.1955,8.9135
6517,Arbedo,TI,46.1987,9.086
6518,Gorduno,TI,46.2253,8.9954
6523,Preonzo,TI,46.2489,8.9667
6524,Moleno,TI,46.2662,8.9684
6525,Gnosca,TI,46.2382,9.0038
6526,Prosito,TI,46.281,8.9411
6527,Lodrino,TI,46.305,8.9686
6528,Camorino,TI,46.1577,9.0119
6532,Castione,TI,46.23,9.0433
6533,Lumino,TI,46.2384,9.0681
6534,S. Vittore,GR,46.2444,9.0981
6535,Roveredo GR,GR,46.208,9.1525
6537,Grono,GR,46.2327,9.1814
6538,Verdabbio,GR,46.2731,9.2032
6540,Castaneda,GR,46.2609,9.1301
6541,Sta. Maria in Calanca,GR,46.2835,9.148
6542,Buseno,GR,46.2759,9.1034
6543,Arvigo,GR,46.3011,9.0946
6544,Braggio,GR,46.302,9.1333
6545,Selma,GR,46.3221,9.1032
6546,Cauco,GR,46.3336,9.1221
6548,Rossa,GR,46.404,9.127
6549,Laura,GR,46.2108,9.1047
6556,Leggia,GR,46.2502,9.1872
6557,Cama,GR,46.2607,9.2064
6558,Lostallo,GR,46.3068,9.2247
6562,Soazza,GR,46.3515,9.2259
6563,Mesocco,GR,46.4025,9.226
6565,S. Bernardino,GR,46.4713,9.1888
6571,Indemini,TI,46.0954,8.8421
6572,Quartino,TI,46.1521,8.8971
6573,Magadino,TI,46.144,8.8713
6574,Vira (Gambarogno),TI,46.1307,8.8563
6575,Vairano,TI,46.1206,8.8157
6576,Gerra (Gambarogno),TI,46.122,8.7889
6577,Ranzo,TI,46.1152,8.7762
6578,Caviano,TI,46.1061,8.7703
6579,Piazzogna,TI,46.1303,8.831
6582,Pianezzo,TI,46.1611,9.0487
6583,S. Antonio (Val Morobbia),TI,46.1683,9.0699
6584,Carena,TI,46.1556,9.1077
6592,S. Antonino,TI,46.1554,8.973
6593,Cadenazzo,TI,46.1507,8.9495
6594,Contone,TI,46.1522,8.9232
6595,Riazzino,TI,46.1696,8.8953
6596,Gordola,TI,46.175,8.8649
6597,Agarone,TI,46.1799,8.908
6598,Tenero,TI,46.1713,8.8461
6599,Robasacco,TI,46.1384,8.9497
6600,Solduno,TI,46.1744,8.7712
6601,Locarno,TI,46.1709,8.7995
6602,Muralto,TI,46.1732,8.8022
6604,Locarno,TI,46.1709,8.7995
6605,Locarno,TI,46.1847,8.7788
6611,Gresso,TI,46.2394,8.614
6612,Ascona,TI,46.1477,8.772
6613,Porto Ronco,TI,46.1353,8.736
6614,Brissago,TI,46.1237,8.6936
6616,Losone,TI,46.1692,8.742
6618,Arcegno,TI,46.1605,8.7403
6622,Ronco sopra Ascona,TI,46.1478,8.7196
6631,Corippo,TI,46.2357,8.8239
6632,Vogorno,TI,46.2246,8.8845
6633,Lavertezzo,TI,46.2753,8.8632
6634,Brione (Verzasca),TI,46.3017,8.7577
6635,Gerra (Verzasca),TI,46.3175,8.8065
6636,Frasco,TI,46.3542,8.8188
6637,Sonogno,TI,46.3648,8.7574
6644,Orselina,TI,46.183,8.7953
6645,Brione sopra Minusio,TI,46.1944,8.8107
6646,Contra,TI,46.1922,8.8385
6647,Mergoscia,TI,46.2143,8.8265
6648,Minusio,TI,46.1733,8.8244
6652,Tegna,TI,46.1908,8.7458
6653,Verscio,TI,46.1931,8.728
6654,Cavigliano,TI,46.1905,8.7089
6655,Intragna,TI,46.1691,8.6867
6656,Golino,TI,46.1785,8.7132
6657,Palagnedra,TI,46.1422,8.6463
6658,Borgnone,TI,46.1704,8.6008
6659,Moneto,TI,46.138,8.6183
6661,Berzona,TI,46.2082,8.6566
6662,Russo,TI,46.2164,8.6265
6663,Spruga,TI,46.2034,8.5554
6664,Vergeletto,TI,46.241,8.5425
6670,Avegno,TI,46.2037,8.7645
6672,Gordevio,TI,46.2325,8.7665
6673,Maggia,TI,46.2661,8.7331
6674,Someo,TI,46.288,8.641
6675,Cevio,TI,46.3042,8.5955
6676,Bignasco,TI,46.3422,8.594
6677,Moghegno,TI,46.2391,8.6869
6678,Lodano,TI,46.2522,8.6581
6682,Linescio,TI,46.3122,8.5768
6683,Niva (Vallemaggia),TI,46.2763,8.542
6684,Campo (Vallemaggia),TI,46.2842,8.5061
6685,Bosco/Gurin,TI,46.3203,8.484
6690,Cavergno,TI,46.3733,8.5357
6692,Brontallo,TI,46.3581,8.6192
6693,Broglio,TI,46.3715,8.6747
6694,Prato-Sornico,TI,46.3976,8.6942
6695,Peccia,TI,46.4061,8.6407
6696,Fusio,TI,46.4576,8.6418
6702,Claro,TI,46.2659,9.0372
6703,Osogna,TI,46.3262,9.0212
6705,Cresciano,TI,46.3027,9.0324
6707,Iragna,TI,46.3248,8.9395
6710,Biasca,TI,46.3665,9.0226
6713,Malvaglia,TI,46.4349,9.0386
6714,Semione,TI,46.4019,8.954
6715,Dongio,TI,46.4525,8.9717
6716,Lottigna,TI,46.4637,8.9555
6717,Torre,TI,46.4831,8.9738
6718,Olivone,TI,46.5349,8.8778
6719,Aquila,TI,46.5406,8.9881
6720,Campo (Blenio),TI,46.5598,8.8894
6721,Ludiano,TI,46.4208,8.9482
6722,Corzoneso,TI,46.4364,8.9256
6723,Castro,TI,46.4696,8.9303
6724,Ponto Valentino,TI,46.4904,8.8992
6742,Pollegio,TI,46.3709,8.9456
6743,Bodio TI,TI,46.386,8.9205
6744,Personico,TI,46.3463,8.894
6745,Giornico,TI,46.3892,8.8624
6746,Nivo,TI,46.4364,8.8426
6747,Chironico,TI,46.4233,8.7932
6748,Anzonico,TI,46.4412,8.8679
6749,Cavagnago,TI,46.4188,8.8887
6760,Calpiogna,TI,46.485,8.805
6763,Osco,TI,46.5038,8.7682
6764,Chiggiogna,TI,46.4613,8.824
6772,Rodi-Fiesso,TI,46.481,8.7221
6773,Prato (Leventina),TI,46.4714,8.7458
6774,Dalpe,TI,46.4572,8.7621
6775,Ambrì,TI,46.4956,8.6951
6776,Piotta,TI,46.5375,8.7113
6777,Quinto,TI,46.5154,8.7303
6780,Madrano,TI,46.5272,8.6306
6781,Bedretto,TI,46.489,8.478
6802,Rivera,TI,46.1239,8.9045
6803,Camignolo,TI,46.105,8.9506
6804,Bironico,TI,46.1259,8.9332
6805,Mezzovico,TI,46.096,8.9082
6806,Sigirino,TI,46.0852,8.9
6807,Taverne,TI,46.063,8.9306
6808,Torricella,TI,46.07,8.9064
6809,Medeglia,TI,46.1285,8.9892
6810,Isone,TI,46.1335,9.0144
6814,Cadempino,TI,46.0339,8.9338
6815,Melide,TI,45.9564,8.9488
6816,Bissone,TI,45.951,8.9655
6817,Maroggia,TI,45.9365,8.9711
6818,Melano,TI,45.9209,8.9911
6821,Rovio,TI,45.9356,9.0003
6822,Arogno,TI,45.9571,8.9929
6823,Pugerna,TI,45.9902,8.9987
6825,Capolago,TI,45.9043,8.9845
6826,Riva San Vitale,TI,45.9129,8.9645
6827,Brusino Arsizio,TI,45.9254,8.9376
6828,Balerna,TI,45.8432,9.0077
6830,Chiasso,TI,45.8338,9.0256
6832,Seseglio,TI,45.8283,8.9998
6833,Vacallo,TI,45.847,9.0364
6834,Morbio Inferiore,TI,45.8497,9.0215
6835,Morbio Superiore,TI,45.867,9.0397
6836,Serfontana,TI,45.8497,9.0216
6837,Caneggio,TI,45.8764,9.0479
6838,Cabbio,TI,45.9009,9.0604
6839,Sagno,TI,45.8612,9.0446
6850,Mendrisio Borgo,TI,45.8862,8.9929
6852,Genestrerio,TI,45.8501,8.9573
6853,Ligornetto,TI,45.8631,8.9546
6854,S. Pietro,TI,45.8579,8.9354
6855,Stabio,TI,45.8456,8.9324
6862,Rancate,TI,45.8755,8.9705
6863,Besazio,TI,45.8714,8.9539
6864,Arzo,TI,45.88,8.9399
6865,Tremona,TI,45.8808,8.959
6866,Meride,TI,45.8992,8.9429
6867,Serpiano,TI,45.9163,8.9419
6872,Salorino,TI,45.8873,9.003
6873,Corteglia,TI,45.8621,8.9934
6874,Castel San Pietro,TI,45.8654,9.0085
6875,Campora,TI,45.8745,9.0187
6877,Coldrerio,TI,45.854,8.986
6883,Novazzano,TI,45.8428,8.9785
6900,Lugano,TI,46.0054,8.9545
6901,Lugano,TI,46.0101,8.96
6902,Lugano 2 Caselle,TI,45.988,8.9483
6903,Lugano,TI,46.0101,8.96
6904,Lugano 4 Molino Nuovo Casel,TI,46.0055,8.9714
6906,Lugano 6 Caselle,TI,46.0055,8.9714
6907,Lugano 7 Caselle,TI,46.0055,8.9714
6908,Massagno Caselle,TI,46.0126,8.9437
6912,Pazzallo,TI,45.981,8.9473
6913,Carabbia,TI,45.9704,8.9344
6914,Carona,TI,45.9567,8.9322
6915,Pambio-Noranco,TI,45.9855,8.9307
6916,Grancia,TI,45.9684,8.9276
6917,Barbengo,TI,45.9604,8.916
6918,Figino,TI,45.9557,8.9077
6919,Carabietta,TI,45.9687,8.8996
6921,Vico Morcote,TI,45.9347,8.9252
6922,Morcote,TI,45.9324,8.9082
6924,Sorengo,TI,45.9998,8.9355
6925,Gentilino,TI,45.9917,8.9261
6926,Montagnola,TI,45.9794,8.9143
6927,Agra,TI,45.9682,8.9116
6928,Manno,TI,46.0308,8.9194
6929,Gravesano,TI,46.0421,8.9187
6930,Bedano,TI,46.0531,8.9181
6932,Breganzona,TI,46.009,8.9274
6933,Muzzano,TI,45.9971,8.917
6934,Bioggio,TI,46.0151,8.9127
6935,Bosco Luganese,TI,46.0301,8.9055
6936,Cademario,TI,46.0226,8.8918
6937,Breno,TI,46.0436,8.8587
6938,Vezio,TI,46.0605,8.8711
6939,Arosio,TI,46.0598,8.8935
6942,Savosa,TI,46.0193,8.9447
6943,Vezia,TI,46.0248,8.935
6944,Cureglia,TI,46.0375,8.9441
6945,Origlio,TI,46.0514,8.9448
6946,Ponte Capriasca,TI,46.106,9.0219
6947,Vaglio,TI,46.0557,8.96
6948,Porza,TI,46.027,8.9532
6949,Comano,TI,46.04,8.9567
6950,Tesserete,TI,46.0699,8.9682
6951,Cozzo,TI,46.0972,9.0619
6952,Canobbio,TI,46.0365,8.9676
6953,Lugaggia,TI,46.0562,8.9707
6954,Sala Capriasca,TI,46.0663,8.9552
6955,Cagiallo,TI,46.0654,8.9752
6956,Lopagno,TI,46.0699,8.978
6957,Roveredo TI,TI,46.0746,8.9827
6958,Corticiasca,TI,46.0901,9.0181
6959,Curtina,TI,46.0821,9.0217
6960,Odogno,TI,46.1026,8.9923
6962,Viganello,TI,46.0129,8.9706
6963,Cureggia,TI,46.0198,8.9858
6964,Davesco-Soragno,TI,46.0325,8.9862
6965,Cadro,TI,46.0423,8.9945
6966,Villa Luganese,TI,46.0521,9.0053
6967,Dino,TI,46.054,8.9802
6968,Sonvico,TI,46.0651,9.0144
6974,Aldesago,TI,46.0094,8.9798
6976,Castagnola,TI,45.9991,8.9815
6977,Ruvigliana,TI,46.0053,8.98
6978,Gandria,TI,46.0093,9.0099
6979,Brè sopra Lugano,TI,46.0174,8.9989
6980,Castelrotto,TI,45.9954,8.839
6981,Banco,TI,46.01,8.8402
6982,Agno,TI,46.0005,8.9028
6983,Magliaso,TI,45.982,8.8914
6984,Pura,TI,45.9833,8.8652
6986,Curio,TI,46.0008,8.8622
6987,Caslano,TI,45.9681,8.8804
6988,Ponte Tresa,TI,45.9707,8.8593
6989,Purasca,TI,45.9814,8.8493
6990,Cassina d'Agno,TI,45.9914,8.8933
6991,Neggio,TI,45.9895,8.8779
6992,Cimo,TI,46.0053,8.8908
6993,Iseo,TI,46.0053,8.8786
6994,Aranno,TI,46.0185,8.874
6995,Madonna del Piano,TI,45.9891,8.8321
6997,Sessa,TI,46.0032,8.8156
6998,Termine,TI,45.9998,8.7921
6999,Astano,TI,46.0153,8.8163
7000,Chur,GR,46.8528,9.5299
7001,Chur,GR,46.8499,9.5329
7004,Chur,GR,46.8499,9.5329
7006,Chur,GR,46.8499,9.5329
7007,Chur,GR,46.8499,9.5329
7012,Felsberg,GR,46.8564,9.4625
7013,Domat/Ems,GR,46.8197,9.4547
7014,Trin,GR,46.8686,9.3291
7015,Tamins,GR,46.844,9.4086
7016,Trin Mulin,GR,46.8224,9.3327
7017,Flims Dorf,GR,46.864,9.2694
7018,Flims Waldhaus,GR,46.8248,9.2871
7019,Fidaz,GR,46.8455,9.319
7023,Haldenstein,GR,46.8816,9.5009
7026,Maladers,GR,46.8447,9.5723
7027,Calfreisen,GR,46.8544,9.6005
7028,Pagig,GR,46.8497,9.6376
7029,Peist,GR,46.8427,9.6882
7031,Laax GR,GR,46.8095,9.2635
7032,Laax GR 2,GR,46.8515,9.2121
7050,Arosa,GR,46.7699,9.6683
7056,Molinis,GR,46.8141,9.6465
7057,Langwies,GR,46.8235,9.7455
7058,Litzirüti,GR,46.7988,9.7014
7062,Passugg,GR,46.8212,9.5573
7063,Praden,GR,46.821,9.5824
7064,Tschiertschen,GR,46.7929,9.6067
7074,Malix,GR,46.8117,9.518
7075,Churwalden,GR,46.7826,9.5323
7076,Parpan,GR,46.7762,9.5703
7077,Valbella,GR,46.7522,9.5502
7078,Lenzerheide/Lai,GR,46.7317,9.5481
7082,Vaz/Obervaz,GR,46.6974,9.5183
7083,Lantsch/Lenz,GR,46.707,9.5794
7084,Brienz/Brinzauls GR,GR,46.6837,9.6028
7104,Arezen,GR,46.7823,9.3344
7106,Tenna,GR,46.7465,9.3251
7107,Safien Platz,GR,46.7127,9.3222
7109,Thalkirch,GR,46.6321,9.2815
7110,Peiden,GR,46.7158,9.1981
7111,Pitasch,GR,46.7219,9.2458
7112,Duvin,GR,46.6963,9.248
7113,Camuns,GR,46.6891,9.2216
7114,Uors (Lumnezia),GR,46.7038,9.188
7115,Surcasti,GR,46.6808,9.1692
7116,St. Martin (Lugnez),GR,46.6543,9.206
7122,Valendas,GR,46.773,9.2947
7126,Castrisch,GR,46.7726,9.243
7127,Sevgein,GR,46.7575,9.2226
7128,Riein,GR,46.7422,9.2606
7130,Schnaus,GR,46.8056,9.1789
7132,Vals,GR,46.5737,9.1308
7134,Obersaxen,GR,46.7197,9.0712
7137,Flond,GR,46.7664,9.161
7138,Surcuolm,GR,46.7529,9.1513
7141,Luven,GR,46.7548,9.1906
7142,Cumbel,GR,46.7345,9.2011
7143,Morissen,GR,46.7348,9.1737
7144,Vella,GR,46.7213,9.159
7145,Degen,GR,46.7059,9.1709
7146,Vattiz,GR,46.7118,9.1384
7147,Vignogn,GR,46.694,9.1413
7148,Lumbrein,GR,46.6683,9.1035
7149,Vrin,GR,46.6241,9.0564
7151,Schluein,GR,46.7889,9.2224
7152,Sagogn,GR,46.7983,9.2755
7153,Falera,GR,46.813,9.22
7154,Ruschein,GR,46.8291,9.1686
7155,Ladir,GR,46.8114,9.1906
7156,Pigniu,GR,46.8423,9.1091
7157,Siat,GR,46.8152,9.1545
7158,Waltensburg/Vuorz,GR,46.8116,9.0777
7159,Andiast,GR,46.8179,9.0975
7162,Tavanasa,GR,46.7567,9.0749
7163,Danis,GR,46.7561,9.0534
7164,Dardin,GR,46.7606,9.0364
7165,Breil/Brigels,GR,46.7924,9.0289
7166,Trun,GR,46.7411,8.9786
7167,Zignau,GR,46.734,9.0104
7168,Schlans,GR,46.7653,9.0009
7172,Rabius,GR,46.7419,8.9547
7173,Surrein,GR,46.6738,8.9654
7174,S. Benedetg,GR,46.7371,8.9435
7175,Sumvitg,GR,46.7622,8.9153
7176,Cumpadials,GR,46.7087,8.9161
7180,Disentis/Mustér,GR,46.7456,8.8481
7182,Cavardiras,GR,46.6995,8.8819
7183,Mumpé Medel,GR,46.6811,8.8313
7184,Curaglia,GR,46.6525,8.8851
7185,Platta,GR,46.6065,8.8364
7186,Segnas,GR,46.6937,8.8169
7187,Camischolas,GR,46.6814,8.7615
7188,Sedrun,GR,46.6377,8.7502
7189,Rueras,GR,46.6662,8.709
7202,Says,GR,46.9013,9.597
7203,Trimmis,GR,46.8892,9.5728
7204,Untervaz,GR,46.9206,9.5159
7205,Zizers,GR,46.9343,9.5726
7206,Igis,GR,46.9452,9.5807
7208,Malans GR,GR,46.9888,9.5803
7212,Seewis Dorf,GR,47.023,9.6603
7213,Valzeina,GR,46.9163,9.6237
7214,Grüsch,GR,46.9627,9.6397
7215,Fanas,GR,47.0072,9.6875
7220,Schiers,GR,46.9811,9.7189
7222,Lunden,GR,46.9517,9.7116
7223,Buchen im Prättigau,GR,46.9388,9.7244
7224,Putz,GR,46.9269,9.7407
7226,Fajauna,GR,46.9714,9.7065
7228,Schuders,GR,47.0089,9.7482
7231,Pragg-Jenaz,GR,46.9426,9.6953
7232,Furna,GR,46.9136,9.6615
7233,Jenaz,GR,46.8981,9.7035
7235,Fideris,GR,46.8866,9.7395
7240,Küblis,GR,46.9253,9.7955
7241,Conters im Prättigau,GR,46.8858,9.7876
7242,Luzein,GR,46.9212,9.7623
7243,Pany,GR,46.9482,9.7675
7244,Gadenstätt,GR,46.9448,9.7904
7245,Ascharina,GR,46.9495,9.8203
7246,St. Antönien,GR,46.9802,9.8459
7247,Saas im Prättigau,GR,46.9151,9.8524
7249,Serneus,GR,46.8871,9.8339
7250,Klosters,GR,46.8475,9.9649
7252,Klosters Dorf,GR,46.9013,9.9155
7260,Davos Dorf,GR,46.7674,9.8969
7265,Davos Wolfgang,GR,46.8389,9.8534
7270,Davos Platz,GR,46.7874,9.8181
7272,Davos Clavadel,GR,46.7227,9.8447
7276,Davos Frauenkirch,GR,46.7756,9.7698
7277,Davos Glaris,GR,46.7398,9.7705
7278,Davos Monstein,GR,46.6983,9.7849
7302,Landquart,GR,46.9616,9.5772
7303,Mastrils,GR,46.9589,9.5295
7304,Maienfeld,GR,47.0305,9.5629
7306,Fläsch,GR,47.0395,9.5053
7307,Jenins,GR,47.0117,9.5744
7310,Bad Ragaz,SG,46.9969,9.4731
7312,Pfäfers,SG,46.9844,9.5075
7313,St. Margrethenberg,SG,46.9682,9.5101
7314,Vadura,SG,46.9562,9.4916
7315,Vättis,SG,46.9132,9.385
7317,Valens,SG,46.977,9.4672
7320,Sargans,SG,47.0556,9.4489
7323,Wangs,SG,47.0061,9.4138
7324,Vilters,SG,47.0198,9.4573
7325,Schwendi im Weisstannental,SG,46.9966,9.3682
7326,Weisstannen,SG,46.9719,9.3047
7402,Bonaduz,GR,46.7939,9.3699
7403,Rhäzüns,GR,46.7862,9.3922
7404,Feldis/Veulden,GR,46.7968,9.4422
7405,Rothenbrunnen,GR,46.7769,9.4208
7407,Trans,GR,46.7624,9.4817
7408,Realta,GR,46.7319,9.4277
7411,Sils im Domleschg,GR,46.6908,9.465
7412,Scharans,GR,46.7183,9.4825
7413,Fürstenaubruck,GR,46.715,9.4498
7414,Fürstenau,GR,46.7231,9.4481
7415,Rodels,GR,46.7406,9.4391
7416,Almens,GR,46.7426,9.4826
7417,Paspels,GR,46.7513,9.4509
7418,Tumegl/Tomils,GR,46.764,9.4447
7419,Scheid,GR,46.7834,9.4663
7421,Summaprada,GR,46.713,9.4312
7422,Tartar,GR,46.7221,9.4193
7423,Sarn,GR,46.7234,9.3879
7424,Präz,GR,46.7486,9.3965
7425,Masein,GR,46.6954,9.4226
7426,Flerden,GR,46.6941,9.3926
7427,Urmein,GR,46.686,9.4019
7428,Glaspass,GR,46.677,9.3474
7430,Rongellen,GR,46.6739,9.4406
7431,Mutten,GR,46.6773,9.5018
7432,Zillis,GR,46.6381,9.47
7433,Lohn GR,GR,46.6574,9.4232
7434,Sufers,GR,46.5573,9.3703
7435,Splügen,GR,46.5371,9.329
7436,Medels im Rheinwald,GR,46.5522,9.2853
7437,Nufenen,GR,46.5404,9.2385
7438,Hinterrhein,GR,46.5137,9.1351
7440,Andeer,GR,46.5859,9.4178
7442,Clugin,GR,46.6127,9.4121
7443,Pignia,GR,46.6035,9.4665
7444,Ausserferrera,GR,46.5516,9.4606
7445,Innerferrera,GR,46.5058,9.4399
7446,Campsut-Cröt,GR,46.4246,9.491
7447,Cresta (Avers),GR,46.4738,9.5246
7448,Juf,GR,46.4329,9.5864
7450,Tiefencastel,GR,46.6483,9.6037
7451,Alvaschein,GR,46.6778,9.5467
7452,Cunter,GR,46.6202,9.6043
7453,Tinizong,GR,46.5868,9.6608
7454,Rona,GR,46.5567,9.6608
7455,Mulegns,GR,46.5044,9.5795
7456,Marmorera,GR,46.4997,9.6473
7457,Bivio,GR,46.4578,9.6618
7458,Mon,GR,46.6487,9.5484
7459,Stierva,GR,46.657,9.5204
7460,Savognin,GR,46.5814,9.6024
7462,Salouf,GR,46.6124,9.533
7463,Riom,GR,46.6224,9.5892
7464,Parsonz,GR,46.5567,9.5423
7472,Surava,GR,46.6572,9.6172
7473,Alvaneu Bad,GR,46.6686,9.6491
7477,Filisur,GR,46.6488,9.6882
7482,Stugl/Stuls,GR,46.6575,9.7426
7484,Latsch,GR,46.6377,9.7553
7492,Alvaneu Dorf,GR,46.7156,9.6443
7493,Schmitten (Albula),GR,46.7042,9.6778
7494,Davos Wiesen,GR,46.7163,9.7204
7500,St. Moritz,GR,46.4905,9.8174
7502,Bever,GR,46.543,9.8005
7503,Samedan,GR,46.5332,9.8492
7504,Pontresina,GR,46.4311,9.9249
7505,Celerina/Schlarigna,GR,46.5097,9.8436
7512,Champfèr,GR,46.4766,9.8058
7513,Silvaplana,GR,46.474,9.7609
7514,Fex,GR,46.3835,9.7899
7515,Sils/Segl Baselgia,GR,46.4371,9.7424
7516,Maloja,GR,46.3649,9.7199
7517,Plaun da Lej,GR,46.4271,9.7091
7522,La Punt-Chamues-ch,GR,46.5789,9.9201
7523,Madulain,GR,46.546,9.9659
7524,Zuoz,GR,46.5631,9.9802
7525,S-chanf,GR,46.5971,10.0385
7526,Chapella,GR,46.6557,9.9374
7527,Brail,GR,46.6765,10.0189
7530,Zernez,GR,46.6705,10.1404
7532,Tschierv,GR,46.6422,10.2981
7533,Fuldera,GR,46.6048,10.3451
7534,Lü,GR,46.6355,10.3724
7535,Valchava,GR,46.6022,10.3859
7536,Sta. Maria Val Müstair,GR,46.5785,10.3704
7537,Müstair,GR,46.615,10.4555
7542,Susch,GR,46.751,10.0223
7543,Lavin,GR,46.7828,10.1073
7545,Guarda,GR,46.8081,10.1422
7546,Ardez,GR,46.7698,10.1857
7550,Scuol,GR,46.7346,10.3263
7551,Ftan,GR,46.8259,10.2279
7552,Vulpera,GR,46.7873,10.286
7553,Tarasp,GR,46.7396,10.2465
7554,Sent,GR,46.8251,10.3404
7556,Ramosch,GR,46.8583,10.33
7557,Vnà,GR,46.8802,10.3512
7558,Strada,GR,46.8407,10.4386
7559,Tschlin,GR,46.9061,10.4097
7560,Martina,GR,46.9159,10.4553
7562,Samnaun-Compatsch,GR,46.9633,10.4023
7563,Samnaun Dorf,GR,46.9496,10.358
7602,Casaccia,GR,46.3882,9.6568
7603,Vicosoprano,GR,46.3505,9.6285
7604,Borgonovo,GR,46.3477,9.6062
7605,Stampa,GR,46.3396,9.5922
7606,Bondo,GR,46.3147,9.5798
7608,Castasegna,GR,46.335,9.5234
7610,Soglio,GR,46.357,9.5381
7710,Alp Grüm,GR,46.375,10.0326
7741,S. Carlo (Poschiavo),GR,46.3567,10.082
7742,Poschiavo,GR,46.3379,10.0388
7743,Miralago,GR,46.2731,10.1009
7744,Campocologno,GR,46.2362,10.142
7745,Li Curt,GR,46.2988,10.0336
7746,Le Prese,GR,46.2834,10.0863
7747,Viano,GR,46.2612,10.1523
7748,Campascio,GR,46.2381,10.0953
8000,Zürich,ZH,47.3667,8.55
8001,Zürich,ZH,47.3721,8.5417
8002,Zürich,ZH,47.3601,8.5327
8003,Zürich,ZH,47.3733,8.5139
8004,Zürich,ZH,47.3789,8.5204
8005,Zürich,ZH,47.3876,8.5207
8006,Zürich,ZH,47.3873,8.5499
8008,Zürich,ZH,47.3538,8.5587
8010,Zürich,ZH,47.395,8.4488
8011,Zürich Mülligen SC,ZH,47.395,8.4488
8012,Zürich,ZH,47.395,8.4488
8017,Zürich,ZH,47.3667,8.55
8018,Zürich PF,ZH,47.3828,8.5307
8021,Zürich 1,ZH,47.3828,8.5307
8022,Zürich,ZH,47.3667,8.55
8024,Zürich,ZH,47.3667,8.55
8027,Zürich,ZH,47.3667,8.55
8031,Zürich,ZH,47.3667,8.55
8032,Zürich,ZH,47.368,8.5665
8034,Zürich,ZH,47.3667,8.55
8036,Zürich,ZH,47.3667,8.55
8037,Zürich,ZH,47.3978,8.5242
8038,Zürich,ZH,47.342,8.5352
8040,Zürich,ZH,47.3667,8.55
8041,Zürich,ZH,47.3339,8.5139
8042,Zürich,ZH,47.3667,8.55
8044,Gockhausen,ZH,47.3776,8.6049
8045,Zürich,ZH,47.3531,8.5089
8046,Zürich,ZH,47.4221,8.5092
8047,Zürich,ZH,47.3739,8.4861
8048,Zürich,ZH,47.3862,8.4793
8049,Zürich,ZH,47.4085,8.4944
8050,Zürich,ZH,47.4119,8.5512
8051,Zürich,ZH,47.4006,8.5781
8052,Zürich,ZH,47.4243,8.5403
8053,Zürich,ZH,47.3609,8.5975
8055,Zürich,ZH,47.364,8.4944
8057,Zürich,ZH,47.4,8.5445
8058,Zürich,ZH,47.458,8.5853
8060,Zürich,ZH,47.458,8.5853
8063,Zürich,ZH,47.3667,8.55
8064,Zürich,ZH,47.3983,8.4855
8070,Zürich,ZH,47.3667,8.55
8071,Zürich CS PZ,ZH,47.3828,8.5307
8074,Zürich Voice Pub,ZH,47.3828,8.5307
8075,Zürich,ZH,47.3667,8.55
8080,Zürich 80,ZH,47.3828,8.5307
8081,Zürich Helsana,ZH,47.3828,8.5307
8085,Zürich Versich.,ZH,47.3828,8.5307
8086,Zürich R Digest,ZH,47.3828,8.5307
8087,Zürich,ZH,47.3667,8.55
8088,Zürich,ZH,47.3667,8.55
8090,Zürich,ZH,47.3667,8.55
8091,Zürich,ZH,47.3667,8.55
8092,Zürich,ZH,47.3828,8.5307
8093,Zürich ETH-Hönggerberg,ZH,47.3828,8.5307
8096,Zürich IBRS local,ZH,47.3828,8.5307
8098,Zürich,ZH,47.3667,8.55
8099,Zürich,ZH,47.3828,8.5307
8102,Oberengstringen,ZH,47.4102,8.466
8103,Unterengstringen,ZH,47.4112,8.4429
8104,Weiningen ZH,ZH,47.4217,8.4322
8105,Regensdorf,ZH,47.4339,8.4639
8106,Adlikon b. Regensdorf,ZH,47.4527,8.4634
8107,Buchs ZH,ZH,47.4588,8.437
8108,Dällikon,ZH,47.4394,8.4324
8109,Kloster Fahr,AG,47.4083,8.4391
8112,Otelfingen,ZH,47.4645,8.3897
8113,Boppelsen,ZH,47.4718,8.4069
8114,Dänikon ZH,ZH,47.4447,8.4058
8115,Hüttikon,ZH,47.4418,8.3897
8117,Fällanden,ZH,47.3709,8.6421
8118,Pfaffhausen,ZH,47.3658,8.6247
8121,Benglen,ZH,47.3609,8.6375
8122,Binz,ZH,47.357,8.6269
8123,Ebmatingen,ZH,47.3514,8.6405
8124,Maur,ZH,47.3376,8.6726
8125,Zollikerberg,ZH,47.3462,8.6087
8126,Zumikon,ZH,47.3341,8.6262
8127,Forch,ZH,47.3216,8.6462
8132,Hinteregg,ZH,47.3111,8.6853
8133,Esslingen,ZH,47.2906,8.7137
8134,Adliswil,ZH,47.3093,8.5213
8135,Sihlwald,ZH,47.268,8.5567
8136,Gattikon,ZH,47.2825,8.552
8142,Uitikon Waldegg,ZH,47.367,8.4593
8143,Uetliberg,ZH,47.35,8.49
8152,Glattpark (Opfikon),ZH,47.4217,8.5633
8153,Rümlang,ZH,47.4475,8.5288
8154,Oberglatt ZH,ZH,47.4779,8.5239
8155,Niederhasli,ZH,47.478,8.4844
8156,Oberhasli,ZH,47.4607,8.4999
8157,Dielsdorf,ZH,47.4765,8.4544
8158,Regensberg,ZH,47.4782,8.4283
8162,Sünikon,ZH,47.49,8.4309
8164,Bachs,ZH,47.5284,8.4293
8165,Schleinikon,ZH,47.4982,8.3921
8166,Niederweningen,ZH,47.5029,8.375
8172,Niederglatt ZH,ZH,47.4932,8.5004
8173,Neerach,ZH,47.5094,8.4762
8174,Stadel b. Niederglatt,ZH,47.5293,8.4688
8175,Windlach,ZH,47.5459,8.4716
8180,Bülach,ZH,47.5274,8.5415
8181,Höri,ZH,47.5075,8.5025
8182,Hochfelden,ZH,47.5279,8.5094
8184,Bachenbülach,ZH,47.5016,8.5451
8185,Winkel,ZH,47.4849,8.5579
8187,Weiach,ZH,47.5561,8.4397
8192,Glattfelden,ZH,47.5573,8.5022
8193,Eglisau,ZH,47.5733,8.5245
8194,Hüntwangen,ZH,47.5919,8.4984
8195,Wasterkingen,ZH,47.5954,8.4716
8196,Wil ZH,ZH,47.6085,8.5091
8197,Rafz,ZH,47.6115,8.543
8200,Schaffhausen,SH,47.7148,8.625
8201,Schaffhausen,SH,47.6973,8.6349
8203,Schaffhausen,SH,47.6992,8.6634
8207,Schaffhausen,SH,47.7228,8.673
8208,Schaffhausen,SH,47.7122,8.6354
8212,Neuhausen am Rheinfall,SH,47.6791,8.5992
8213,Neunkirch,SH,47.682,8.5118
8214,Gächlingen,SH,47.7111,8.4965
8215,Hallau,SH,47.7005,8.4432
8216,Oberhallau,SH,47.7139,8.4734
8217,Wilchingen,SH,47.665,8.4713
8218,Osterfingen,SH,47.658,8.4971
8219,Trasadingen,SH,47.67,8.4259
8222,Beringen,SH,47.7044,8.5769
8223,Guntmadingen,SH,47.6814,8.5572
8224,Löhningen,SH,47.7035,8.5465
8225,Siblingen,SH,47.7234,8.5225
8226,Schleitheim,SH,47.7485,8.4948
8228,Beggingen,SH,47.7652,8.5444
8231,Hemmental,SH,47.7377,8.578
8232,Merishausen,SH,47.7629,8.5998
8233,Bargen SH,SH,47.7934,8.5919
8234,Stetten SH,SH,47.7384,8.6582
8235,Lohn SH,SH,47.7558,8.6704
8236,Opfertshofen SH,SH,47.7725,8.6592
8239,Dörflingen,SH,47.7101,8.717
8240,Thayngen,SH,47.7431,8.7062
8241,Barzheim,SH,47.7601,8.7176
8242,Hofen SH,SH,47.7806,8.677
8243,Altdorf SH,SH,47.7875,8.6568
8245,Feuerthalen,ZH,47.688,8.6452
8246,Langwiesen,ZH,47.6825,8.6611
8247,Flurlingen,ZH,47.6824,8.6367
8248,Uhwiesen,ZH,47.6702,8.6465
8252,Schlatt TG,TG,47.6672,8.6989
8253,Diessenhofen,TG,47.6812,8.746
8254,Basadingen,TG,47.6607,8.7403
8255,Schlattingen,TG,47.6605,8.7691
8259,Kaltenbach,TG,47.6459,8.8376
8260,Stein am Rhein,SH,47.6661,8.8582
8261,Hemishofen,SH,47.6883,8.841
8262,Ramsen,SH,47.7048,8.8147
8263,Buch SH,SH,47.7158,8.7846
8264,Eschenz,TG,47.6365,8.8756
8265,Mammern,TG,47.6467,8.9214
8266,Steckborn,TG,47.6604,8.9866
8267,Berlingen,TG,47.6733,9.0259
8268,Mannenbach-Salenstein,TG,47.6758,9.0539
8269,Fruthwilen,TG,47.654,9.0647
8272,Ermatingen,TG,47.6604,9.0861
8273,Triboltingen,TG,47.6599,9.1078
8274,Tägerwilen,TG,47.6481,9.1318
8280,Kreuzlingen,TG,47.6415,9.1752
8285,Kreuzlingen Ifolor,TG,47.6398,9.1727
8302,Kloten,ZH,47.458,8.5849
8303,Bassersdorf,ZH,47.4404,8.6304
8304,Wallisellen,ZH,47.4174,8.5949
8305,Dietlikon,ZH,47.4245,8.615
8306,Brüttisellen,ZH,47.4219,8.6342
8307,Effretikon,ZH,47.4238,8.6928
8308,Illnau,ZH,47.4086,8.7194
8309,Nürensdorf,ZH,47.4576,8.6489
8310,Grafstal,ZH,47.4441,8.6983
8311,Brütten,ZH,47.4748,8.6724
8312,Winterberg ZH,ZH,47.4586,8.691
8314,Kyburg,ZH,47.4521,8.7428
8315,Lindau,ZH,47.4433,8.6764
8317,Tagelswangen,ZH,47.4273,8.6692
8320,Fehraltorf,ZH,47.387,8.75
8322,Gündisau,ZH,47.398,8.806
8330,Pfäffikon ZH,ZH,47.3701,8.7914
8331,Auslikon,ZH,47.3449,8.8079
8332,Russikon,ZH,47.3954,8.7806
8335,Hittnau,ZH,47.3663,8.8292
8340,Hinwil,ZH,47.3033,8.8457
8342,Wernetshausen,ZH,47.2923,8.8766
8344,Bäretswil,ZH,47.3389,8.8715
8345,Adetswil,ZH,47.3419,8.837
8352,Ricketwil (Winterthur),ZH,47.487,8.7977
8353,Elgg,ZH,47.4918,8.863
8354,Hofstetten ZH,ZH,47.4692,8.8588
8355,Aadorf,TG,47.492,8.9075
8356,Ettenhausen TG,TG,47.4743,8.8967
8357,Guntershausen b. Aadorf,TG,47.4717,8.9207
8360,Eschlikon TG,TG,47.4638,8.9671
8362,Balterswil,TG,47.454,8.9368
8363,Bichelsee,TG,47.4462,8.9178
8370,Sirnach,TG,47.4624,8.9983
8371,Busswil TG,TG,47.4533,9.0172
8372,Wiezikon b. Sirnach,TG,47.4466,8.9872
8374,Oberwangen TG,TG,47.4294,8.9813
8376,Au TG,TG,47.3944,8.9512
8400,Winterthur,ZH,47.4931,8.7297
8401,Winterthur,ZH,47.5056,8.7241
8403,Winterthur,ZH,47.5056,8.7241
8404,Stadel (Winterthur),ZH,47.5388,8.7656
8405,Winterthur,ZH,47.478,8.776
8406,Winterthur,ZH,47.4829,8.7021
8408,Winterthur,ZH,47.5074,8.6831
8409,Winterthur,ZH,47.5051,8.7786
8412,Aesch (Neftenbach),ZH,47.5441,8.6794
8413,Neftenbach,ZH,47.5298,8.6605
8414,Buch am Irchel,ZH,47.5481,8.6274
8415,Gräslikon,ZH,47.5566,8.6055
8416,Flaach,ZH,47.5847,8.6052
8418,Schlatt ZH,ZH,47.4703,8.8272
8421,Dättlikon,ZH,47.5274,8.6221
8422,Pfungen,ZH,47.5112,8.6425
8424,Embrach,ZH,47.509,8.5957
8425,Oberembrach,ZH,47.4895,8.6329
8426,Lufingen,ZH,47.4834,8.5934
8427,Freienstein,ZH,47.534,8.595
8428,Teufen ZH,ZH,47.5503,8.576
8442,Hettlingen,ZH,47.5495,8.7062
8444,Henggart,ZH,47.5625,8.6837
8447,Dachsen,ZH,47.662,8.6235
8450,Andelfingen,ZH,47.5928,8.6755
8451,Kleinandelfingen,ZH,47.6075,8.6845
8452,Adlikon b. Andelfingen,ZH,47.5851,8.7071
8453,Alten,ZH,47.5992,8.6453
8454,Buchberg,SH,47.571,8.5526
8455,Rüdlingen,SH,47.5871,8.5669
8457,Humlikon,ZH,47.5753,8.6753
8458,Dorf,ZH,47.5712,8.6501
8459,Volken,ZH,47.5764,8.63
8460,Marthalen,ZH,47.6201,8.6424
8461,Oerlingen,ZH,47.6229,8.6777
8462,Rheinau,ZH,47.6294,8.6144
8463,Benken ZH,ZH,47.6541,8.6539
8464,Ellikon am Rhein,ZH,47.6021,8.6034
8465,Rudolfingen,ZH,47.6379,8.6718
8466,Trüllikon,ZH,47.6368,8.6975
8467,Truttikon,ZH,47.633,8.73
8468,Waltalingen,ZH,47.6209,8.7725
8471,Berg (Dägerlen),ZH,47.5664,8.7351
8472,Seuzach,ZH,47.5343,8.7261
8474,Dinhard,ZH,47.5578,8.7631
8475,Ossingen,ZH,47.6126,8.7216
8476,Unterstammheim,ZH,47.6469,8.7895
8477,Oberstammheim,ZH,47.6283,8.8046
8478,Thalheim an der Thur,ZH,47.5825,8.7456
8479,Altikon,ZH,47.5773,8.7841
8482,Sennhof (Winterthur),ZH,47.4669,8.7551
8483,Kollbrunn,ZH,47.4557,8.7783
8484,Theilingen,ZH,47.417,8.767
8486,Rikon im Tösstal,ZH,47.4505,8.8041
8487,Rämismühle,ZH,47.4399,8.8166
8488,Turbenthal,ZH,47.4373,8.8744
8489,Wildberg,ZH,47.4279,8.8229
8492,Wila,ZH,47.4098,8.8653
8493,Saland,ZH,47.3874,8.8601
8494,Bauma,ZH,47.368,8.8916
8495,Schmidrüti,ZH,47.4202,8.91
8496,Steg im Tösstal,ZH,47.3411,8.9514
8497,Fischenthal,ZH,47.3317,8.9255
8498,Gibswil,ZH,47.3218,8.9043
8499,Sternenberg,ZH,47.3888,8.914
8500,Gerlikon,TG,47.5353,8.8801
8501,Frauenfeld,TG,47.5578,8.8989
8502,Frauenfeld,TG,47.558,8.8964
8503,Frauenfeld,TG,47.558,8.8964
8505,Dettighofen,TG,47.618,8.9553
8506,Lanzenneunforn,TG,47.6239,8.9336
8507,Hörhausen,TG,47.6416,8.9714
8508,Homburg,TG,47.6292,8.9995
8509,Frauenfeld,TG,47.5578,8.8989
8510,Frauenfeld Kant. Verwaltung,TG,47.558,8.8964
8512,Thundorf,TG,47.5472,8.9642
8514,Amlikon-Bissegg,TG,47.5588,9.0353
8522,Häuslenen,TG,47.5273,8.9021
8523,Hagenbuch ZH,ZH,47.5159,8.8759
8524,Uesslingen,TG,47.5822,8.824
8525,Niederneunforn,TG,47.5944,8.7781
8526,Oberneunforn,TG,47.6083,8.7627
8532,Weiningen TG,TG,47.5905,8.8983
8535,Herdern,TG,47.6105,8.9102
8536,Hüttwilen,TG,47.6109,8.8696
8537,Nussbaumen TG,TG,47.624,8.8299
8542,Wiesendangen,ZH,47.5222,8.7949
8543,Gundetswil,ZH,47.5387,8.8197
8544,Attikon,ZH,47.5361,8.8004
8545,Rickenbach Sulz,ZH,47.5408,8.7865
8546,Islikon,TG,47.5509,8.8449
8547,Gachnang,TG,47.5381,8.8552
8548,Ellikon an der Thur,ZH,47.5631,8.8241
8552,Felben-Wellhausen,TG,47.577,8.94
8553,Hüttlingen,TG,47.5785,8.9844
8554,Müllheim-Wigoltingen,TG,47.5901,9.0133
8555,Müllheim Dorf,TG,47.6028,9.0037
8556,Lamperswil TG,TG,47.6107,9.0372
8558,Raperswilen,TG,47.6367,9.047
8560,Märstetten,TG,47.5913,9.068
8561,Ottoberg,TG,47.59,9.09
8564,Lipperswil,TG,47.6172,9.055
8565,Hugelshofen,TG,47.5953,9.1175
8566,Lippoldswilen,TG,47.6106,9.1139
8570,Weinfelden,TG,47.5698,9.1122
8572,Guntershausen b. Berg,TG,47.572,9.1869
8573,Alterswilen,TG,47.6108,9.1536
8574,Oberhofen TG,TG,47.6125,9.1914
8575,Bürglen TG,TG,47.5505,9.1536
8576,Mauren TG,TG,47.5658,9.1541
8577,Schönholzerswilen,TG,47.5151,9.1331
8580,Hefenhofen,TG,47.5613,9.3131
8581,Schocherswil,TG,47.5361,9.2644
8582,Dozwil,TG,47.5761,9.3191
8583,Sulgen,TG,47.5409,9.1865
8584,Opfershofen TG,TG,47.5618,9.1735
8585,Herrenhof,TG,47.5973,9.2421
8586,Andwil TG,TG,47.5654,9.2151
8587,Oberaach,TG,47.5597,9.2726
8588,Zihlschlacht,TG,47.521,9.2614
8589,Sitterdorf,TG,47.5071,9.2488
8590,Romanshorn,TG,47.5805,9.3897
8592,Uttwil,TG,47.5994,9.3554
8593,Kesswil,TG,47.6029,9.3264
8594,Güttingen,TG,47.6118,9.3003
8595,Altnau,TG,47.6196,9.272
8596,Münsterlingen,TG,47.6457,9.2374
8597,Landschlacht,TG,47.6373,9.258
8598,Bottighofen,TG,47.6403,9.2129
8599,Salmsach,TG,47.5544,9.3736
8600,Dübendorf,ZH,47.3937,8.6202
8602,Wangen b. Dübendorf,ZH,47.4096,8.6508
8603,Schwerzenbach,ZH,47.3811,8.6562
8604,Volketswil,ZH,47.3942,8.6815
8605,Gutenswil,ZH,47.3867,8.7177
8606,Nänikon,ZH,47.3715,8.6955
8607,Aathal-Seegräben,ZH,47.3409,8.7669
8608,Bubikon,ZH,47.2699,8.8118
8610,Uster,ZH,47.3478,8.721
8613,Uster 3,ZH,47.3532,8.7216
8614,Bertschikon (Gossau ZH),ZH,47.321,8.7591
8615,Freudwil,ZH,47.3759,8.7328
8616,Riedikon,ZH,47.3299,8.7088
8617,Mönchaltorf,ZH,47.3122,8.7219
8618,Oetwil am See,ZH,47.2739,8.7235
8620,Wetzikon ZH,ZH,47.3226,8.8014
8623,Wetzikon ZH,ZH,47.3325,8.8194
8624,Grüt (Gossau ZH),ZH,47.3088,8.7819
8625,Gossau ZH,ZH,47.3041,8.7531
8626,Ottikon (Gossau ZH),ZH,47.2912,8.789
8627,Grüningen,ZH,47.2794,8.7619
8630,Rüti ZH,ZH,47.2582,8.865
8632,Tann,ZH,47.2679,8.8502
8633,Wolfhausen,ZH,47.2566,8.7985
8634,Hombrechtikon,ZH,47.2558,8.7634
8635,Dürnten,ZH,47.2771,8.8544
8636,Wald ZH,ZH,47.2888,8.9231
8637,Laupen ZH,ZH,47.2662,8.931
8638,Goldingen,SG,47.2847,8.9739
8640,Rapperswil SG,SG,47.225,8.8188
8645,Jona,SG,47.232,8.84
8646,Wagen,SG,47.2321,8.8862
8700,Küsnacht ZH,ZH,47.3201,8.5893
8702,Zollikon Dorf,ZH,47.3433,8.5947
8703,Erlenbach ZH,ZH,47.3023,8.5998
8704,Herrliberg,ZH,47.2954,8.6254
8706,Meilen,ZH,47.2765,8.6462
8707,Uetikon am See,ZH,47.2673,8.6792
8708,Männedorf,ZH,47.2543,8.6949
8712,Stäfa,ZH,47.2409,8.7254
8713,Uerikon,ZH,47.2263,8.7554
8714,Feldbach,ZH,47.2344,8.7879
8715,Bollingen,SG,47.2199,8.8909
8716,Schmerikon,SG,47.2245,8.9419
8717,Benken SG,SG,47.1924,8.9958
8718,Schänis,SG,47.1604,9.0585
8722,Kaltbrunn,SG,47.2096,9.0494
8723,Maseltrangen,SG,47.1963,9.0537
8725,Gebertingen,SG,47.2556,9.0052
8726,Ricken SG,SG,47.2594,9.0491
8727,Walde SG,SG,47.2743,9.0227
8730,Uznach,SG,47.2256,8.9811
8732,Neuhaus SG,SG,47.2418,8.9447
8733,Eschenbach SG,SG,47.245,8.922
8734,Ermenswil,SG,47.247,8.8897
8735,St. Gallenkappel,SG,47.246,8.9713
8737,Gommiswald,SG,47.2315,9.0203
8738,Uetliburg SG,SG,47.2412,9.046
8739,Rieden SG,SG,47.2258,9.0772
8740,Uznach Vögele Versandhaus,SG,47.2265,8.9813
8750,Glarus,GL,47.0369,9.0546
8751,Urnerboden,UR,46.8796,8.9019
8752,Näfels,GL,47.0865,9.0053
8753,Mollis,GL,47.0938,9.0914
8754,Netstal,GL,47.0638,9.0417
8755,Ennenda,GL,47.0445,9.0986
8756,Mitlödi,GL,47.0154,9.0805
8757,Filzbach,GL,47.1015,9.1253
8758,Obstalden,GL,47.0772,9.1536
8759,Netstal,GL,47.0634,9.0573
8762,Sool,GL,47.0125,9.1249
8765,Engi,GL,46.9983,9.1692
8766,Matt,GL,46.9713,9.198
8767,Elm,GL,46.9061,9.1564
8772,Nidfurn,GL,46.9876,9.0435
8773,Haslen GL,GL,46.9595,9.0726
8774,Leuggelbach,GL,46.9787,9.0363
8775,Hätzingen,GL,46.9603,9.0493
8777,Diesbach GL,GL,46.944,9.0511
8782,Rüti GL,GL,46.9316,9.0211
8783,Linthal,GL,46.8631,8.979
8784,Braunwald,GL,46.9458,8.9845
8800,Thalwil,ZH,47.2917,8.5676
8802,Kilchberg ZH,ZH,47.3249,8.5488
8803,Rüschlikon,ZH,47.3063,8.5526
8804,Au ZH,ZH,47.2478,8.6491
8805,Richterswil,ZH,47.213,8.7063
8806,Bäch SZ,SZ,47.2043,8.7308
8807,Freienbach,SZ,47.207,8.7571
8808,Pfäffikon SZ,SZ,47.1976,8.7832
8810,Horgen,ZH,47.2524,8.608
8815,Horgenberg,ZH,47.2499,8.5807
8816,Hirzel,ZH,47.2198,8.6005
8820,Wädenswil,ZH,47.2239,8.6596
8824,Schönenberg ZH,ZH,47.194,8.64
8825,Hütten,ZH,47.173,8.666
8832,Wollerau,SZ,47.1907,8.7051
8833,Samstagern,ZH,47.1938,8.6789
8834,Schindellegi,SZ,47.1736,8.711
8835,Feusisberg,SZ,47.1812,8.7516
8836,Bennau,SZ,47.1506,8.7145
8840,Trachslau,SZ,47.1033,8.7274
8841,Gross,SZ,47.0969,8.7628
8842,Unteriberg,SZ,47.0415,8.8079
8843,Oberiberg,SZ,47.0308,8.7617
8844,Euthal,SZ,47.0903,8.8293
8845,Studen SZ,SZ,47.0436,8.8589
8846,Willerzell,SZ,47.1299,8.8105
8847,Egg SZ,SZ,47.161,8.7773
8849,Alpthal,SZ,47.0578,8.7145
8852,Altendorf,SZ,47.1765,8.8278
8853,Lachen SZ,SZ,47.197,8.8542
8854,Galgenen,SZ,47.1673,8.8678
8855,Wangen SZ,SZ,47.1988,8.8911
8856,Tuggen,SZ,47.2014,8.9385
8857,Vorderthal,SZ,47.1263,8.8893
8858,Innerthal,SZ,47.0756,8.9172
8862,Schübelbach,SZ,47.1746,8.9271
8863,Buttikon SZ,SZ,47.1674,8.9471
8864,Reichenburg,SZ,47.161,8.9733
8865,Bilten,GL,47.1479,9.0078
8866,Ziegelbrücke,SG,47.136,9.0625
8867,Niederurnen,GL,47.1265,9.0208
8868,Oberurnen,GL,47.1153,9.0366
8872,Weesen,SG,47.1372,9.1115
8873,Amden,SG,47.1599,9.1679
8874,Mühlehorn,GL,47.1027,9.1749
8877,Murg,SG,47.0696,9.1964
8878,Quinten,SG,47.1329,9.221
8879,Pizolpark (Mels),SG,47.0008,9.3374
8880,Walenstadt,SG,47.1224,9.3107
8881,Walenstadtberg,SG,47.1406,9.2785
8882,Unterterzen,SG,47.1161,9.2484
8883,Quarten,SG,47.1029,9.2344
8884,Oberterzen,SG,47.0863,9.2458
8885,Mols,SG,47.1123,9.2824
8886,Mädris-Vermol,SG,47.0371,9.3462
8887,Mels,SG,47.0327,9.4166
8888,Heiligkreuz (Mels),SG,47.0684,9.4085
8889,Plons,SG,47.0618,9.3833
8890,Flums,SG,47.0935,9.3416
8892,Berschis,SG,47.1136,9.3721
8893,Flums Hochwiese,SG,47.0837,9.3781
8894,Flumserberg Saxli,SG,47.0597,9.3302
8895,Flumserberg Portels,SG,47.0712,9.3208
8896,Flumserberg Bergheim,SG,47.0925,9.309
8897,Flumserberg Tannenheim,SG,47.046,9.266
8898,Flumserberg Tannenbodenalp,SG,47.0805,9.2683
8901,Urdorf,ZH,47.3798,8.4224
8902,Urdorf,ZH,47.3799,8.4224
8903,Birmensdorf ZH,ZH,47.3539,8.4344
8904,Aesch ZH,ZH,47.3354,8.433
8905,Arni-Islisberg,AG,47.317,8.4223
8906,Bonstetten,ZH,47.3166,8.4663
8907,Wettswil,ZH,47.3373,8.4699
8908,Hedingen,ZH,47.3015,8.4509
8909,Zwillikon,ZH,47.2895,8.4311
8910,Affoltern am Albis,ZH,47.2784,8.4582
8911,Rifferswil,ZH,47.245,8.499
8912,Obfelden,ZH,47.2615,8.422
8913,Ottenbach,ZH,47.2815,8.4094
8914,Aeugst am Albis,ZH,47.2681,8.487
8915,Hausen am Albis,ZH,47.2507,8.5289
8916,Jonen,AG,47.2997,8.4022
8917,Oberlunkhofen,AG,47.3125,8.3977
8918,Unterlunkhofen,AG,47.3248,8.3832
8919,Rottenschwil,AG,47.3144,8.3659
8925,Ebertswil,ZH,47.2273,8.5562
8926,Hauptikon,ZH,47.2326,8.4935
8932,Mettmenstetten,ZH,47.2478,8.464
8933,Maschwanden,ZH,47.2348,8.4292
8934,Knonau,ZH,47.2245,8.4626
8942,Oberrieden,ZH,47.2746,8.5778
8951,Fahrweid,ZH,47.4095,8.415
8952,Schlieren,ZH,47.395,8.449
8953,Dietikon,ZH,47.402,8.3981
8954,Geroldswil,ZH,47.4234,8.4127
8955,Oetwil an der Limmat,ZH,47.431,8.3979
8956,Killwangen,AG,47.428,8.3443
8957,Spreitenbach,AG,47.418,8.3672
8962,Bergdietikon,AG,47.3881,8.3785
8964,Rudolfstetten,AG,47.3683,8.3847
8965,Berikon,AG,47.3538,8.3837
8966,Oberwil-Lieli,AG,47.3371,8.3952
8967,Widen,AG,47.3705,8.3583
9000,St. Gallen,SG,47.424,9.3685
9001,St. Gallen,SG,47.4221,9.3755
9004,St. Gallen,SG,47.4221,9.3755
9006,St. Gallen,SG,47.4221,9.3755
9007,St. Gallen,SG,47.4221,9.3755
9008,St. Gallen,SG,47.4413,9.3918
9010,St. Gallen,SG,47.4419,9.3736
9011,St. Gallen,SG,47.4154,9.4021
9012,St. Gallen,SG,47.4096,9.3636
9013,St. Gallen,SG,47.4221,9.3755
9014,St. Gallen,SG,47.4081,9.3356
9015,St. Gallen,SG,47.408,9.3072
9016,St. Gallen,SG,47.4418,9.4154
9020,St. Gallen,SG,47.4221,9.3755
9021,St. Gallen MS,SG,47.4221,9.3755
9023,St. Gallen,SG,47.4221,9.3755
9024,St. Gallen Presse-Serv.Güll,SG,47.4221,9.3755
9026,St. Gallen Künzler AG,SG,47.4221,9.3755
9027,St. Gallen,SG,47.4221,9.3755
9028,St. Gallen,SG,47.4221,9.3755
9029,St. Gallen Sonderdienste,SG,47.4221,9.3755
9030,Abtwil SG,SG,47.4283,9.3204
9032,Engelburg,SG,47.443,9.3415
9033,Untereggen,SG,47.4538,9.4543
9034,Eggersriet,SG,47.4414,9.4623
9035,Grub AR,AR,47.4412,9.5017
9036,Grub SG,SG,47.4543,9.5098
9037,Speicherschwendi,AR,47.428,9.4383
9038,Rehetobel,AR,47.4283,9.4843
9042,Speicher,AR,47.4099,9.441
9043,Trogen,AR,47.4003,9.4764
9044,Wald AR,AR,47.4146,9.5044
9050,Appenzell Schlatt,AI,47.3563,9.4015
9052,Niederteufen,AR,47.3909,9.362
9053,Teufen AR,AR,47.3928,9.4
9054,Haslen AI,AI,47.3692,9.3788
9055,Bühler,AR,47.3783,9.4266
9056,Gais,AR,47.368,9.4714
9057,Wasserauen,AI,47.2644,9.3918
9058,Brülisau,AI,47.2799,9.4497
9062,Lustmühle,AR,47.3988,9.3542
9063,Stein AR,AR,47.3761,9.3417
9064,Hundwil,AR,47.3517,9.319
9100,Herisau,AR,47.3833,9.2813
9102,Herisau,AR,47.3861,9.2792
9103,Schwellbrunn,AR,47.3516,9.2362
9104,Waldstatt,AR,47.3567,9.2854
9105,Schönengrund,AR,47.3254,9.2267
9107,Urnäsch,AR,47.2948,9.2779
9108,Gonten,AI,47.3237,9.3494
9112,Schachen b. Herisau,AR,47.3797,9.2366
9113,Degersheim,SG,47.3734,9.1981
9114,Hoffeld,SG,47.3559,9.1726
9115,Dicken,SG,47.3366,9.1932
9116,Wolfertswil,SG,47.3957,9.1692
9122,Ebersol,SG,47.3414,9.1574
9123,Nassen,SG,47.3793,9.1493
9125,Brunnadern,SG,47.324,9.1417
9126,Necker,SG,47.3462,9.1279
9127,St. Peterzell,SG,47.3212,9.1793
9200,Gossau SG,SG,47.4178,9.2492
9201,Gossau SG,SG,47.421,9.2536
9203,Niederwil SG,SG,47.4323,9.2016
9204,Andwil SG,SG,47.4372,9.279
9205,Waldkirch,SG,47.463,9.2879
9212,Arnegg,SG,47.4425,9.2524
9213,Hauptwil,TG,47.4823,9.2558
9214,Kradolf,TG,47.5265,9.1984
9215,Buhwil,TG,47.5255,9.166
9216,Heldswil,TG,47.5256,9.2274
9217,Neukirch an der Thur,TG,47.5097,9.1729
9220,Bischofszell,TG,47.497,9.2568
9223,Halden,TG,47.5043,9.2074
9225,St. Pelagiberg,TG,47.4894,9.3048
9230,Flawil,SG,47.4086,9.1895
9231,Egg (Flawil),SG,47.3943,9.2222
9240,Niederglatt SG,SG,47.4278,9.163
9242,Oberuzwil,SG,47.4292,9.1217
9243,Jonschwil,SG,47.423,9.0951
9244,Niederuzwil,SG,47.4463,9.1427
9245,Oberbüren,SG,47.4505,9.1675
9246,Niederbüren,SG,47.4625,9.2147
9247,Henau,SG,47.4557,9.114
9248,Bichwil,SG,47.4157,9.1376
9249,Oberstetten,SG,47.4464,9.0914
9300,Wittenbach,SG,47.4661,9.3798
9301,Wittenbach,SG,47.4611,9.386
9304,Bernhardzell,SG,47.4669,9.3409
9305,Berg SG,SG,47.4862,9.4122
9306,Freidorf TG,TG,47.4854,9.3858
9308,Lömmenschwil,SG,47.4966,9.3455
9312,Häggenschwil,SG,47.4907,9.3353
9313,Muolen,SG,47.5171,9.3179
9314,Steinebrunn,TG,47.5338,9.3438
9315,Neukirch (Egnach),TG,47.5263,9.3716
9320,Frasnacht,TG,47.5444,9.4333
9322,Egnach,TG,47.5529,9.4079
9323,Steinach,SG,47.5065,9.4497
9325,Roggwil TG,TG,47.5057,9.3928
9326,Horn,TG,47.5159,9.4839
9327,Tübach,SG,47.4825,9.4538
9400,Rorschach,SG,47.4972,9.5037
9401,Rorschach,SG,47.478,9.4903
9402,Mörschwil,SG,47.4675,9.426
9403,Goldach,SG,47.4859,9.4782
9404,Rorschacherberg,SG,47.4803,9.5104
9405,Wienacht-Tobel,AR,47.465,9.5362
9410,Heiden,AR,47.4408,9.5349
9411,Reute AR,AR,47.4088,9.5662
9413,Oberegg,AI,47.4165,9.5533
9422,Staad SG,SG,47.492,9.5371
9423,Altenrhein,SG,47.5158,9.5473
9424,Rheineck,SG,47.4688,9.585
9425,Thal,SG,47.4732,9.5649
9426,Lutzenberg,AR,47.4593,9.5748
9427,Wolfhalden,AR,47.4506,9.5612
9428,Walzenhausen,AR,47.4433,9.5971
9430,St. Margrethen SG,SG,47.4529,9.6276
9434,Au SG,SG,47.4297,9.639
9435,Heerbrugg,SG,47.4126,9.6266
9436,Balgach,SG,47.3935,9.612
9437,Marbach SG,SG,47.3865,9.579
9442,Büriswilen,AI,47.4331,9.6025
9443,Widnau,SG,47.4007,9.6376
9444,Diepoldsau,SG,47.3823,9.6518
9445,Rebstein,SG,47.3942,9.5898
9450,Altstätten SG,SG,47.3706,9.5419
9451,Kriessern,SG,47.3639,9.6059
9452,Hinterforst,SG,47.3579,9.5278
9453,Eichberg,SG,47.3442,9.5209
9462,Montlingen,SG,47.3412,9.5842
9463,Oberriet SG,SG,47.3228,9.5411
9464,Lienz,SG,47.2866,9.5073
9465,Salez,SG,47.2337,9.495
9466,Sennwald,SG,47.2623,9.5013
9467,Frümsen,SG,47.2505,9.4685
9468,Sax,SG,47.235,9.4431
9469,Haag (Rheintal),SG,47.2094,9.4875
9470,Buchs SG,SG,47.1592,9.4622
9471,Buchs SG 3,SG,47.166,9.4627
9472,Grabserberg,SG,47.165,9.3793
9473,Gams,SG,47.2117,9.4297
9475,Sevelen,SG,47.1292,9.4585
9476,Weite,SG,47.0986,9.5026
9477,Trübbach,SG,47.076,9.4861
9478,Azmoos,SG,47.0886,9.4318
9479,Oberschan,SG,47.102,9.4579
9500,Wil SG,SG,47.4622,9.0517
9501,Wil SG 1,SG,47.4757,9.0518
9502,Braunau,TG,47.5044,9.0689
9503,Stehrenberg,TG,47.5233,9.09
9504,Friltschen,TG,47.5353,9.0894
9506,Lommis,TG,47.5148,8.9976
9507,Stettfurt,TG,47.525,8.9585
9508,Weingarten-Kalthäusern,TG,47.5253,8.9872
9512,Rossrüti,SG,47.4817,9.0721
9514,Wuppenau,TG,47.4972,9.1058
9515,Hosenruck,TG,47.4916,9.1372
9517,Mettlen,TG,47.5341,9.1195
9523,Züberwangen,SG,47.4652,9.0888
9524,Zuzwil SG,SG,47.475,9.1112
9525,Lenggenwil,SG,47.4713,9.1422
9526,Zuckenriet,SG,47.4868,9.1641
9527,Niederhelfenschwil,SG,47.4786,9.1855
9532,Rickenbach b. Wil,SG,47.4457,9.0487
9533,Kirchberg SG,SG,47.4183,9.0341
9534,Gähwil,SG,47.3939,8.9982
9535,Wilen b. Wil,TG,47.4471,9.0321
9536,Schwarzenbach SG,SG,47.4406,9.0728
9542,Münchwilen TG,TG,47.4794,8.991
9543,St. Margarethen TG,TG,47.4906,9.0028
9545,Wängi,TG,47.4988,8.9618
9546,Tuttwil,TG,47.4808,8.9482
9547,Wittenwil,TG,47.5033,8.9227
9548,Matzingen,TG,47.5253,8.9285
9552,Bronschhofen,SG,47.481,9.0301
9553,Bettwiesen,TG,47.4977,9.0187
9554,Tägerschen,TG,47.5062,9.0279
9555,Tobel,TG,47.5167,9.0442
9556,Affeltrangen,TG,47.5277,9.0303
9562,Buch b. Märwil,TG,47.537,9.0554
9565,Oberbussnang,TG,47.5439,9.0922
9573,Littenheid,TG,47.4414,9.0079
9601,Lütisburg Station,SG,47.3814,9.0669
9602,Müselbach,SG,47.3883,9.0406
9604,Lütisburg,SG,47.3954,9.106
9606,Bütschwil,SG,47.3563,9.0691
9607,Mosnang,SG,47.3592,9.0387
9608,Ganterschwil,SG,47.3743,9.0965
9612,Dreien,SG,47.3552,9.0047
9613,Mühlrüti,SG,47.3672,8.9784
9614,Libingen,SG,47.3228,9.0173
9615,Dietfurt,SG,47.3365,9.0677
9620,Lichtensteig,SG,47.3187,9.0877
9621,Oberhelfenschwil,SG,47.3483,9.1066
9622,Krinau,SG,47.3178,9.0521
9630,Wattwil,SG,47.2939,9.0881
9631,Ulisbach,SG,47.2851,9.1173
9633,Hemberg,SG,47.2892,9.1756
9642,Ebnat-Kappel,SG,47.245,9.1299
9643,Krummenau,SG,47.258,9.1869
9650,Nesslau,SG,47.2123,9.1831
9651,Ennetbühl,SG,47.2455,9.2592
9652,Neu St. Johann,SG,47.242,9.1901
9655,Stein SG,SG,47.2017,9.2298
9656,Alt St. Johann,SG,47.1773,9.2647
9657,Unterwasser,SG,47.1964,9.3065
9658,Wildhaus,SG,47.2165,9.3527
